indice,Fecha,Nombre,Ubicacion,Seguidores,Retweets,Favorito,Hashtags,Tweet,clasificacion
1,2021-01-24 02:42:32+00:00,Jonathan pablo milanes llano,"Lima, Peru",31,0,0,[],@votante_curiosa @Luccio_lpx @George_Forsyth En efecto este sujeto lo √∫nico que hizo es abandonar al distrito como de la fan de lograr ser presidente pues el cargo le llama m√°s la atenci√≥n,-1
2,2021-01-24 02:41:03+00:00,Lalita,,0,0,0,[],@carceparo @SalitaSin @George_Forsyth Jajajjajajaja burro...... üòÇ üòÇ üòÇ üòÇ,-1
3,2021-01-24 02:31:59+00:00,ùïπùñäùñëùñëùñû üíô,Peru,67,0,0,[],@KarlaCalle @George_Forsyth Recibi√≥ su parte por apoyar a la corrupta de la Villaran en el NO a la  revocatoria.,-1
4,2021-01-24 02:28:57+00:00,sustracci√≥n de la materia gris,,55,0,0,[],@Guilleacmas @SalitaSin @George_Forsyth responde pe,-1
5,2021-01-24 02:23:26+00:00,Endrina Lander,Lima,13,0,0,[],@Guilleacmas @George_Forsyth  es el candidato de los grandes empresarios. Se ve que  la repartija estara  fuerte üíµüíµüíµ.,-1
6,2021-01-24 01:57:20+00:00,John Carter,,81,0,1,[],@Luccio_lpx @George_Forsyth ¬øquien?,-1
7,2021-01-24 01:41:16+00:00,Jose Rafael,"Lima, Peru",3220,0,3,[],Epale pajuo @George_Forsyth tu tambi√©n eres VENECO https://t.co/XHYQng3wsY,-1
8,2021-01-24 01:36:34+00:00,David Paredes,Lima / CDMX / Toronto,904,0,1,"['Forsyth', 'Forzay', 'Elecciones2021', 'Peru', 'PeruEstaEnNuestrasManos']","¬°Clar√≠simo!
¬øQu√© m√©rito tiene @George_Forsyth para querer ser Presidente del Per√∫?

#Forsyth #Forzay #Elecciones2021 #Peru #PeruEstaEnNuestrasManos https://t.co/rQ0AQafdKM",-1
9,2021-01-24 01:34:46+00:00,Juvenal QF,,6,0,0,[],"@florborja_5 @George_Forsyth Es verdad, una vez Fujimoristas. Siempre Fujimoristas. ü§£ü§£ü§£",-1
10,2021-01-24 01:28:23+00:00,Jota M.,En alg√∫n lugar de Macondo,1556,0,0,[],Bueno pajuo @George_Forsyth ¬øt√∫ no eres veneco tambi√©n? https://t.co/YHBbc1qIas,-1
11,2021-01-24 00:54:35+00:00,Ale,,9,0,1,[],@Luccio_lpx @George_Forsyth C√≥mo hacerle entender a alguien que quiere votar por Forsyth para que no vote por Forsyth?,-1
12,2021-01-24 00:54:15+00:00,John Mendoza Pacheco,Lima,43,0,0,[],"@Luccio_lpx @George_Forsyth Veo 40 a√±os a la gente diciendo eso, y siempre eligen lo peor de lo peor, a estas alturas no tenemos a nadie a quien elegir. Gane quien gane, no creo que tampoco termine su mandato. Son 20 listas?? Se imaginan ese congreso. Solo sigamos cayendo. Algun dia empezaremos a subir",-1
13,2021-01-24 00:39:11+00:00,Isac B.,,12,0,0,[],@ferlatorre @florborja_5 @RodolfoPerez_2 @George_Forsyth Te estas mirando al espejo? Deja la grifa ... aqu√≠ te va un kekito https://t.co/jBuZIRcfUt,-1
14,2021-01-24 00:38:31+00:00,Jean Monjar√°s,"Arequipa, Peru",18,0,0,[],"@ChavezMaximixe @2021canalN @canalN_ @George_Forsyth @MavilaHuertasC No lo dudo, Don Jorge. Ud. Es un respetado economista. Pero seguir a una persona que no hay forma de c√≥mo liderarlo? Eso le motiva?",-1
15,2021-01-24 00:35:05+00:00,Fernando La Torre,Peru,50,0,0,[],@IsacB98032003 @florborja_5 @RodolfoPerez_2 @George_Forsyth enfermo mental detected...!,-1
16,2021-01-24 00:26:26+00:00,Isac B.,,12,0,1,[],"@ferlatorre @florborja_5 @RodolfoPerez_2 @George_Forsyth Te he insultado mi querido aborto fallido? El marxismo es una ideolog√≠a nefasta q ha causado m√°s de 100 M de muertos en el mundo. Y sorry, yo fui muy pobre para estudiar en Europa y con las justas hice mi MSc, mi PhD y mi MBA en USA...

Y me le√≠do desde el capital al abtuduhring",-1
17,2021-01-24 00:14:08+00:00,Fernando La Torre,Peru,50,0,0,[],"@IsacB98032003 @florborja_5 @RodolfoPerez_2 @George_Forsyth y que tiene ver? un fujimorista es un DELINCUENTE o adulador de uno...un marxista es un seguidor de su libro ‚ÄúEl Capital‚Äù ,que es objeto de estudio en las mejores universidades de aqu√≠ en Europa-Oxford,G√∂ttingen o Jagellonian...en QUE cabeza de burro puede entrar esa comparaci√≥n?",-1
18,2021-01-24 00:12:05+00:00,Manuelito,"Barranco, Peru",502,0,0,[],Que paso @George_Forsyth estas calladito. Explica que hacen ex fujimoristas en tu lista al @congresoperu https://t.co/l4dFE2KebF,-1
19,2021-01-24 00:01:33+00:00,Amalia Salda√±a G,,280,0,1,[],"@Luccio_lpx @George_Forsyth Bien dicho Luchex, directo a la yugular de muchos huecos como Forsyth.",-1
20,2021-01-23 23:36:36+00:00,Dani..Daniel,Peru,27,0,0,[],"@puzangueando @SalitaSin @George_Forsyth que mas patooo, quieres  otro burro ??  jajajajajaja",-1
21,2021-01-23 23:31:48+00:00,Miriam,,4,0,0,[],"@GloriaMonteneg @George_Forsyth Totalmente inmoral,sin √âTICA DECENCIA HONESTIDAD nada de nada, por favor, en d√≥nde te criaron FORZAITH???",-1
22,2021-01-23 23:29:05+00:00,nronaldm,,919,0,0,[],"¬°CON RAZ√ìN, LA GESTI√ìN DE LA @munilavictoria BAJO LA ADMINISTRACI√ìN DE @George_Forsyth, FUE UN ROTUNDO FRACASO!
¬°¬øSE IMAGINAN CU√ÅNTOS VAGOS, PAR√ÅSITOS y OPORTUNISTAS COMO √âL, NOMBRAR√Å EN ALTOS CARGOS DEL GOBIERNO, SI LA GENTE PERMITE QUE LLEGUE AL PODER?!
https://t.co/zsK7cQgKzX https://t.co/nMGaGaUQ8v",-1
23,2021-01-23 23:19:44+00:00,Isac B.,,12,0,0,[],"@florborja_5 @RodolfoPerez_2 @George_Forsyth Pero traen harto marxista encubierto. 

O no?",-1
24,2021-01-23 23:12:10+00:00,Elva Casanova,"Lima, Peru",183,0,2,[],"@Luccio_lpx @George_Forsyth y lleva doce fujimoristas en sus filas , un topo m√°s",-1
25,2021-01-23 23:05:39+00:00,Juan Carlos,,255,0,1,[],"Un candidato presidencial con presentaciones en programas faranduleros como @George_Forsyth, que adem√°s nos imponen las encuestadoras y medios de comunicaci√≥n, dista much√≠simo del cambio en el nivel de la pol√≠tica que exigen los peruanos de bien. https://t.co/ADAwf8mMRg",-1
26,2021-01-23 22:59:48+00:00,Flor Borja Gutierrez,Lima- Per√∫,4168,27,108,"['PartidoMorado', '5AlCongreso', 'Saqu√©monosLaMugre']","En el Partido Morado, no traemos a fujimoristas encubiertos en nuestras listas. Lamento que Victoria Nacional de @George_Forsyth lleve a 12 fujimoristas en su lista. No nos dejemos enga√±ar.

#PartidoMorado
#5AlCongreso
#Saqu√©monosLaMugre https://t.co/SsPgi2Nv63",-1
27,2021-01-23 22:59:15+00:00,Paloma negra,"Los Angeles, CA",858,0,1,['WillyHaroldForsythCauvi'],"@Guilleacmas Y qui√©n te ha enga√±ado que ese adefecio va a gobernar?? T√∫ conoces a un tal #WillyHaroldForsythCauvi ?? Yo tampoco, pero suena fuerte que el  gobernar√≠a  @George_Forsyth el ""hijito de pap√°""",-1
28,2021-01-23 22:48:33+00:00,Marianella Vargas,,117,0,0,"['FujimorismoNuncaMas', 'FujimoriNuncaMas']","@RPPNoticias @George_Forsyth 
üßêü§îüëá 
#FujimorismoNuncaMas #FujimoriNuncaMas 
""FORSYTH QUIERE METER AL CONGRESO A 12 PERSONAJES CON PASADO FUJIMORISTA (Y TENEMOS PRUEBAS)""
https://t.co/wLCPfdtjAn",-1
29,2021-01-23 22:12:11+00:00,Henry Gonz√°les Le√≥n,"Lima, Per√∫",544,0,0,[],@RPPNoticias Jajajaja y lo dice @George_Forsyth el de doble nacionalidad (venezolano-chileno) ¬°m√°s bruto e inconsecuente no pudo ser! ü§£üòÇ,-1
30,2021-01-23 22:06:35+00:00,Lalita,,0,0,0,[],@carceparo @SalitaSin @George_Forsyth Que m√°s burrito dolido..... üòÇ üòÇ üòÇ,-1
31,2021-01-23 21:27:43+00:00,BettyOchoaFerreyra,Lima Huaral Per√∫,2100,0,3,[],@Luccio_lpx @George_Forsyth No mencionen m√°s a mu√±eco titiresco @George_Forsyth le est√°n haciendo propaganda gratis! El no fue ni n√∫mero 1 en arqueros! Basta de enga√±osüë©üèª‚Äç‚öñÔ∏èüó≥üáµüá™,-1
32,2021-01-23 21:25:11+00:00,Raymundo Saavedra,Peru,333,0,1,[],"@Luccio_lpx @George_Forsyth Tristeza, desesperanza. Aqu√≠ no hay futuro. Nunca vamos a cambiar.",-1
33,2021-01-23 21:12:17+00:00,Joshe Timoteo,,4,0,0,['Harold'],"@RPPNoticias NO puede ni con su vida ese candidato peor con el Pa√≠s , simplemente es un pelele y t√≠tere de su papi #Harold @congresoperu @George_Forsyth",-1
34,2021-01-23 20:49:47+00:00,Ferrer Castro,,0,0,0,[],@omarzev @George_Forsyth Porque te preocupas si FORSIYTH no va a sacar ni para el KK de Sagasti.,-1
35,2021-01-23 20:46:15+00:00,Luz Clarita Campos,,4,0,1,[],"@Luccio_lpx @George_Forsyth no podemos dejar que un arquero mediocre tenga la mas minima posibilidad, somos una verguenza",-1
36,2021-01-23 20:03:47+00:00,pancho dingo,,167,0,0,[],@SuiGnris No tiene ninguna idea propia porque No tiene cerebro. Su papi es su estratega y le incluye una buena dosis de racismo haciendose la v√≠ctima de racismo antiblanco. El Per√∫ esta lejos de haber acabado con sus fantasmas y @George_Forsyth quiere sacarle ventaja.,-1
37,2021-01-23 19:58:27+00:00,JCV,,5,0,0,[],"@Luccio_lpx @George_Forsyth no estoy en contra de el, pero cual seria segun tu se√±or sabio x quien deber√≠amos votar, si los mas inteligentes y como los m√°ximos pergaminos salieron unos indeseables(x decir lo menos) como PPK, Toledo y los peores de todos Fujimori y Alan Garcia",-1
38,2021-01-23 19:45:55+00:00,Aljuma,,16,0,0,[],"@Luccio_lpx @George_Forsyth Al menos yo no votar√© por √©l y espero que la gente se informe bien antes de votar por alg√∫n candidato y no elija a un improvisado, oportunista y t√≠tere de personas que gobernarian al pais en la sombra solo por intereses politicos y con hambre de poder.",-1
39,2021-01-23 19:45:11+00:00,LuzMita,,776,5,7,[],"@CcantoBuendia Nos quieren hacer creer que los topos de Keiko son De Soto y L√≥pez Aliaga, cuando en realidad es @George_Forsyth 
NO hay peor elector que aquel que NOOO quiere ver!
ADVERTIDOS ESTAMOS!üëáüëáüëá https://t.co/fTfYow0YH9",-1
40,2021-01-23 19:33:12+00:00,Fiorella Moreno,,8,0,0,[],@George_Forsyth As√≠ de indignado eras en el pasado? Acaso has sido activista de alguna causa? Oportunista! Populista! Demagogo!,-1
41,2021-01-23 19:31:40+00:00,Fiorella Moreno,,8,0,0,[],@George_Forsyth Don Mamerto. Qu√© estaremos pagando?!,-1
42,2021-01-23 19:29:55+00:00,followkanye,,0,0,0,[],@George_Forsyth Taradazo. Mal informado.,-1
43,2021-01-23 19:24:46+00:00,facundo lopez,"Chaclacayo, Peru",31,0,1,[],"@cecilpgp @RPPNoticias @George_Forsyth Se podia hacer algo por la victoria.....? La victoria tiene un problema de 60 a√±os....una problema mas grande que tu nariz...llena jueces corruptos, pol√≠tica corrupta, hascinacion, basura, polic√≠as sin autoridad....para solucionar la victoria..lo primero es una Bomba Atomica..",-1
44,2021-01-23 19:21:10+00:00,Lucy Alarc√≥n,Peru,151,0,0,[],@larepublica_pe @heduardo50 @George_Forsyth ¬øes otra maquinaria naranja?,-1
45,2021-01-23 18:50:51+00:00,Mauricio Re√°tegui,Per√∫,20,0,0,[],"@Luccio_lpx @George_Forsyth Ni cagando, los pulpines borregos seguro van a botar por √©l",-1
46,2021-01-23 18:43:31+00:00,votante curiosa ‚úäüáµüá™,,11,0,0,['MeCorroComoGuzman'],"@Luccio_lpx @George_Forsyth No soy su fan pero m da risa como lo vacilan con #MeCorroComoGuzman cuando el q en verdad se corre d cualquier debate y/o entrevista t√©cnica es @George_Forsyth. Cualquiera se da cuenta q NO esta preparado para la pol√≠tica y ser√≠a un t√≠tere m√°s. No rescato la victoria, la abandon√≥",-1
47,2021-01-23 18:27:47+00:00,CIRO SILVA PAREDES,,1,0,1,[],"JNE ADMITE PROCESO DE EXCLUSI√ìN DEL CHILENO GEORGE FORSYTH, presentada por Patriota CIRO SILVA PAREDES (934128464) 
seg√∫n Expediente: EG2021006242001
Merry Hinojosa
JEELC 1‚Äã @willaxtv @MermeButters @cevalenzuelav @BetoASaberV @julianaoxenford @George_Forsyth",-1
48,2021-01-23 18:27:10+00:00,#ElQueNoLaDebeNoLaTeme,"Lima, Peru",46,0,0,[],"@LuzmitadelMar @George_Forsyth Es la CULTURA DEL BACALAO, patentada por el japon√©s, enfermo terminal eterno.",-1
49,2021-01-23 18:16:58+00:00,üáµüá™ ùôªùöûùöíùöú ùô≤ùöäùöóùöåùöëùöäùö¢ùöä,Peru,931,0,0,['DejenseDeMilHuevadas'],@Luccio_lpx @George_Forsyth #DejenseDeMilHuevadas,-1
50,2021-01-23 18:16:50+00:00,Juan Pantoja,,10,0,0,[],"@Luccio_lpx @George_Forsyth el tema de la presidencia del Peru es,  estamos en una situacion donde hay 2 focos salimos juntos de los efectos economicos y salubresque con llevo el covid o nos jodemos eligiendo cualquier representante",-1
51,2021-01-23 18:13:36+00:00,ricardo barreda lope,Per,8,0,0,[],"@gvillasis Ahora Forsyth? No tienes banderas, todo por apoyar a Keiko
@George_Forsyth",-1
52,2021-01-23 18:13:22+00:00,Juan Pantoja,,10,0,1,[],"@makbernuy @Luccio_lpx @MaritaLozano3 @George_Forsyth Nada encuestas compradas , para imponernos a los candidatos asi no juega Peru",-1
53,2021-01-23 18:07:30+00:00,Delmira ChaMa,"Lima, Peru",395,0,4,[],"@ensustrece Hijito d pap√°, el cantinflesco farandulero @George_Forsyth. No entiendo porque siendo hijo d diplom√°tico no estudi√≥ una carrera universitaria, eso dice mucho. ¬øEs un flojo q no le gusta estudiar y prefiri√≥ el deporte? ¬øPq dedicarse a la pol√≠tica sin preparaci√≥n, ni experiencia?",-1
54,2021-01-23 18:06:42+00:00,Marujinhaüåπ,"Lima, Peru",112,0,0,[],Los fujirratas distribuidos en otros partidos @George_Forsyth  que nos dice al respecto !!! https://t.co/w8PVHTcVcn,-1
55,2021-01-23 18:04:45+00:00,Juan Pantoja,,10,0,2,[],@ruiz_renzo @Luccio_lpx @George_Forsyth SI no ? nos queiren imponer candidatos igual tampoco votaria por Guzman ni mendoza,-1
56,2021-01-23 18:01:47+00:00,Juan Pantoja,,10,0,0,[],"@karrascoV @Luccio_lpx @George_Forsyth Y de donde salen esos numeros tan inflados , raro no ?",-1
57,2021-01-23 18:01:31+00:00,Christian Anlas,,94,0,0,[],"@Luccio_lpx @George_Forsyth Puta... siiii.... ni la ladrona de keiko, ni el oportunista de forzay,   por qui√©n  votamos?  Busquen otras opciones carajo!",-1
58,2021-01-23 18:01:23+00:00,Juan Pantoja,,10,0,0,[],"@GalvezIgor @Luccio_lpx @George_Forsyth lo mismo seria votar por urresti , salaverry y mendoza",-1
59,2021-01-23 17:55:46+00:00,Juan Pantoja,,10,0,0,[],@robert_stop @Luccio_lpx @George_Forsyth jajajjajajaja eso es verdad si hay gente que cree en Guzman tambien ..,-1
60,2021-01-23 17:54:40+00:00,Juan Pantoja,,10,0,0,[],@Mercede44191786 @Luccio_lpx @George_Forsyth No lo veo tan lejano porque ese se√±or lo que busca es aprovecharse de la poblacion mas vulnerable,-1
61,2021-01-23 17:53:59+00:00,Juan Pantoja,,10,0,0,[],@Erikaloze2 @Luccio_lpx @George_Forsyth naaa por eso debemos informar a la gente a los jovenes por quienes no votar !,-1
62,2021-01-23 17:51:10+00:00,IngridTJ #SinCienciaNohayFuturo,"Lima, Peru",126,0,1,[],@Luccio_lpx @George_Forsyth Votar por Forsyth es votar por Keiko entiendan esa segunda vuelta ser√° Keiko vs keiko,-1
63,2021-01-23 17:47:34+00:00,Jose Tito,,2,0,0,[],@Luccio_lpx @George_Forsyth UN ARQUERO DE PRESIDENTE.,-1
64,2021-01-23 17:47:01+00:00,Juan Pantoja,,10,0,3,[],@Gatopzu @Luccio_lpx @holiboli7_9 @George_Forsyth jajajajajajaj pero si  los candidatos de Fosyth en su gran mayoria son fujimoristas !,-1
65,2021-01-23 17:45:51+00:00,Juan Pantoja,,10,0,1,[],@eopastorm @Luccio_lpx @George_Forsyth Pues si ya me canse de votar siempre por el mal menor ya ps informese antes de votar ..,-1
66,2021-01-23 17:45:16+00:00,Juan Pantoja,,10,0,0,[],@BGosicha @Luccio_lpx @George_Forsyth Prefiero ir a Narnia y ser gobernado por un LE√ìN que un idiota .,-1
67,2021-01-23 17:44:31+00:00,Juan Pantoja,,10,0,1,[],@SandraDvalos @Luccio_lpx @George_Forsyth Lo pensaria si por lo menos habria hecho una buena gestion en la victoria !,-1
68,2021-01-23 17:44:17+00:00,Endrina Lander,Lima,13,0,0,[],@RPPNoticias @George_Forsyth otro oportunista no hiciste nada por la victoria y vienes ahora a opinar. Permitiste el cobro ilegal de esos venezolanos.,-1
69,2021-01-23 17:44:00+00:00,Lalita,,0,0,0,[],@carceparo @SalitaSin @George_Forsyth Ya burro que m√°s.... üòÇ,-1
70,2021-01-23 17:43:53+00:00,Juan Pantoja,,10,0,1,[],"@susylee2020 @Luccio_lpx @George_Forsyth SI pues , aqui todo esta conectado Forsyth , Guzman y KEIKO",-1
71,2021-01-23 17:43:11+00:00,Juan Pantoja,,10,0,0,[],"@RayCastaeda3 @Luccio_lpx @George_Forsyth Que bronca no ? , que este se√±or lidere las encuestas 
ahi se vee la calidad de votantes que tiene nuestro pais!",-1
72,2021-01-23 17:31:32+00:00,Erikaloze,"Lima, Peru",4,0,1,[],@Luccio_lpx @George_Forsyth Yo me he puesto en  peor de los escenarios y si queda Keiko con Forsight votar√≠a por keiko... con todo el dolor de mi alma...,-1
73,2021-01-23 17:27:18+00:00,Gloria Montenegro,Trujillo - La Libertad,75892,137,361,[],".@George_Forsyth  George debes de hablar, estas son evidencias donde  lo m√°s preocupante son los antecedentes de estos 12 fuji candidatos! ü§î https://t.co/ri8sjMhdTY",-1
74,2021-01-23 17:12:10+00:00,edson lujan,lima,6,0,0,[],"@Luccio_lpx @George_Forsyth Es gente ilusa la verdad. Aunque nisiquiera ah√≠ un buen candidato, todos tienen sus roches",-1
75,2021-01-23 17:04:02+00:00,Paco Pinillos,Trujillo - Per√π,216,0,0,[],@pedrogianella1 @sullama @gvillasis @George_Forsyth Nosotros matamos menos,-1
76,2021-01-23 17:03:31+00:00,Pedro Salinas,Per√∫,1629,0,0,[],@George_Forsyth Caya oe chistoso,-1
77,2021-01-23 16:58:07+00:00,Oscar Mena Zapata,San Miguel Peru,529,1,0,[],"@RPPNoticias @George_Forsyth POPULISMO. DESPU√âS Q TODO EL PERU LO PIDI√ì, te subes al CARRO...pon tu cerebro a funcionar,est√°s igual q tu partner @albertofujimori cuando postul√≥ c MVLL, esperaba q MVLL hablase para despu√©s el Chino rata contradecirlo,AS√ç GANO LAS ELECCIONES, t√∫ HACES LO MISMO.",-1
78,2021-01-23 16:55:54+00:00,Brayan Gosicha,"Lima, Peru",21,0,1,[],"@Luccio_lpx @George_Forsyth Es incre√≠ble. Solo en Perulandia pasan estas cosas. Tendremos lo que nos merecemos, ya de ah√≠ que no lloren... Cuando todo se vaya a la m..",-1
79,2021-01-23 16:50:25+00:00,BCJ üáµüá™üá¶üá∑üáÆüáπ,siempre nuestro fiel Harrison,92,0,2,[],"@Guilleacmas @ElPulgondeSusan Es un TOPO fujimorista
@George_Forsyth",-1
80,2021-01-23 16:46:16+00:00,Sandra D√°valos,,10,1,1,[],"@Luccio_lpx @George_Forsyth Lo mismo digo yo...Forsyth est√° para Programa Reality o Influencer, pero para Presidente??? üôà Y hace y dice poco para que pensemos lo contrario.",-1
81,2021-01-23 16:38:22+00:00,Tobi,,38,0,0,[],"@George_Forsyth TE FALTA mucho para ser presidente no terminaste tus objetivos en la victoria, se demuestra con.acciones y echos noooo con l√°grimas ni bla bla cuentos NUNCA M√ÅS",-1
82,2021-01-23 16:37:18+00:00,Renato Garcia Arribasplata,Lima,128,2,8,[],"@Luccio_lpx @George_Forsyth M√°s que respeto es por amor propio, no podemos dejar que un tipo sin preparaci√≥n alguna llegue a ocupar tal cargo, no podemos perder 5 a√±os m√°s por favor üôèüèº",-1
83,2021-01-23 16:36:51+00:00,Luis Enrique P√©rez Asencio,,6,0,0,[],@abelgilvonio @George_Forsyth ¬øEst√°s creyendo? Son las encuestas truchas.,-1
84,2021-01-23 16:03:17+00:00,Julio C√©sar,,3,0,0,[],@RPPNoticias @George_Forsyth Pero si tu tambi√©n eres venezolano??? A sorry olvide tus idioteces populistas.... Pero dejando de lado eso!!!! Fuera venezolanos de m... (incluyendo Forzay),-1
85,2021-01-23 15:52:45+00:00,El Perro q hace Miau,,238,0,3,[],"@heduardo50 @larepublica_pe Cuidado con eso, y @George_Forsyth y sus üêÄüêÄüêÄ color üçä van a copar el gobierno y llenaran el estado d toda esas lacras naranjas.
Esa db ser una d las razones x la q @George_Forsyth no da entrevistas, no sabe q responder.",-1
86,2021-01-23 15:50:36+00:00,Lupilla666üí´,lima,154,0,2,[],"@Guilleacmas Yo tampoco se, pero ayer este sr. Chavez, que no chave!! Le reventaba unos cohetes, que ya me hizo pensar q es amor del bueno!! ü§£ü§£ü§£ü§£ del bueno para nada!!! @George_Forsyth deja de hacer el rid√≠culo, prep√°rate, estudia y de ah√≠ me cuentas üòéüëç antes no!! https://t.co/bN1kFhxT6X",-1
87,2021-01-23 15:49:20+00:00,Felipe Lotas,Lima,523,0,0,[],Buenas @patarevalo ya dijo algo sobre los fujimoristas que @George_Forsyth lleva al pr√≥ximo Congreso?,-1
88,2021-01-23 15:48:36+00:00,Eduardo Pastor,"Lima, Peru",34,4,23,[],"@Luccio_lpx @George_Forsyth Los dos candidatos que lideran las encuestas, refleja nuestro nivel cultural como pais. Es lamentable, pero cierto.",-1
89,2021-01-23 15:37:43+00:00,Marco,Lima,18,0,1,[],"@Luccio_lpx @George_Forsyth Yo votar√© por ese payaso, al igual que Jean Ferrari (Quien tambi√©n postula por ese partido) y luego despertar√© CSM. Sin una cagada ambos tipos.",-1
90,2021-01-23 15:36:35+00:00,liggia vanessa üíô,,200,0,0,[],@KarlaCalle @George_Forsyth un poquito de empatia3con tus compatriotas venezolanos.,-1
91,2021-01-23 15:33:50+00:00,M. Jahir,Lima-Per√∫,108,1,3,[],"üö®Hasta su canal favorito @RPPNoticias con sus conductores alcahuetes en voz alta, le manifiestan su molestia al se√±or @George_Forsyth üáªüá™üá®üá±, al hacerle saber que esta en primer lugar de las encuestas, pero no tiene ning√∫n plan de gobierno que hasta ahora halla mostrado al Per√∫üôÑ https://t.co/lKDMoUrUwD",-1
92,2021-01-23 15:30:38+00:00,Lucy Martinez,Per√∫,133,0,0,[],"Para ocupar un cargo de representaci√≥n es necesario preparaci√≥n y convicci√≥n. @George_Forsyth no tiene preparaci√≥n y mucho menos convicci√≥n: renunci√≥ a su gesti√≥n en La Victoria. Si √©l va como arquero para nuestro pa√≠s, la corrupci√≥n e improvisaci√≥n ya meti√≥ un gol https://t.co/7DhgdtNaOs",-1
93,2021-01-23 15:28:55+00:00,A√≠da Luz Mendoza,Lima-Per√∫,572,1,1,[],@KarlaCalle @MezoneRives @George_Forsyth ¬øHabr√° sido el pap√°?,-1
94,2021-01-23 15:20:30+00:00,victor prada cotrina,,195,1,9,[],"@makbernuy @MaritaLozano3 @Luccio_lpx @George_Forsyth No,no lo creo,lo q creo q varios dinosaurios solapados est√°n en ese partido y a la hora @George_Forsyth solo resultar√° un titere m√°s de los q se resisten a perder los beneficios de la constituci√≥n fujimorista!",-1
95,2021-01-23 15:09:19+00:00,Felix Emerson Meca Z,,84,0,0,[],@George_Forsyth que dices a esto y as√≠ quires ser presidente jajaaaj https://t.co/TjVg6xxmmU,-1
96,2021-01-23 15:09:10+00:00,Max Bernuy A.,"Lima, Peru",92,1,6,[],"@Luccio_lpx @MaritaLozano3 @George_Forsyth Es increible que un arquero disque sea mas lider que todos los politicos de todo el Peru...
Ud cree???",-1
97,2021-01-23 15:05:48+00:00,A~k,,193,0,0,[],@Luccio_lpx @George_Forsyth Sigo sin conocer a nadie que diga abiertamente que votar√° por Forsyth.,-1
98,2021-01-23 15:02:12+00:00,kenny,,55,0,1,[],@Luccio_lpx @George_Forsyth Esas encuestas mas falsas que lagrimas de cocodrilo.,-1
99,2021-01-23 14:55:10+00:00,Janet,Peru,156,0,1,[],@Luccio_lpx @George_Forsyth Es un baboso üòä,-1
100,2021-01-23 14:51:51+00:00,DAVICO,PERU,2339,8,33,[],"Hay que tener cuidado con la salud de @George_Forsyth.
Ese pobre muchach√≥n cuando se entere que lo agarraron como ""globo de ensayo"" para subirlo en las encuestas para luego bajarlo de golpe, le puede dar un ataque card√≠aco.",-1
101,2021-01-23 14:49:43+00:00,DAVICO,PERU,2339,1,4,[],"@RPPNoticias @George_Forsyth es peruano?
¬øD√≥nde naci√≥?",-1
102,2021-01-23 14:41:04+00:00,Pedro Salinas,Per√∫,1629,0,0,['forsyth'],"@George_Forsyth el candidato preferido de los caviaras, sin ideas,sin argumentos, sin profesion. La prensa y la generacion del bicentenario se indignaban diciendo que @MerinoDeLama como puede ser presidente si no tiene ninguna profesion. Y apoyan a #forsyth imbeciles, idiotas https://t.co/uicCSups9v",-1
103,2021-01-23 14:38:19+00:00,Ray Casta√±eda,"San isidro, Peru",8,0,2,[],"@Luccio_lpx @George_Forsyth Es falso. Salomon Lerner esta vez apostando por hijito de pap√° y a invertido como lo hizo con Humala en las encuestadoras, las cuales hasta ahora no saben de donde salieron los votos de FREPAP.",-1
104,2021-01-23 14:38:08+00:00,Mercedes Mendoza Flores,,4,0,0,[],@KarlaCalle @George_Forsyth Pobre improvisado s√≥lo sabe patear pelota,-1
105,2021-01-23 14:32:40+00:00,David Paredes,Lima / CDMX / Toronto,904,0,2,"['NoAForsyth', 'Peru', 'Elecciones2021']","Mientras la gente muere y se esperan medidas contra la pandemia y a favor de la recuperaci√≥n econ√≥mica, @George_Forsyth recurre a la vieja confiable: Despertar la xenofobia, total eso vende m√°s que lo anterior (de lo que no sabe algo)
.
.
#NoAForsyth #Peru #Elecciones2021 https://t.co/9TS3wTgzRk",-1
106,2021-01-23 14:32:00+00:00,Cesar Mimbela Valencia,Lima,213,0,0,[],"@Luccio_lpx @George_Forsyth En serio
Forzay est√° en la nube.
De Soto es un viejito caduc√≥ hace 10 a√±os que no asesora a ning√∫n dictador.
L√≥pez Aliaga est√° loco.
Keiko es la misma cara dura de siempre.",-1
107,2021-01-23 14:31:30+00:00,DANIEL HERN√ÅNDEZ ZIEGLER,Peru,7003,1,4,[],@Charitocrema @George_Forsyth El Richard Swing de La Victoria.,-1
108,2021-01-23 14:29:21+00:00,Jorge Pari,,111,1,1,[],@VerduscoSerapio @RudyDulcexxx @George_Forsyth @NicolasMaduro no est√° buscando a George Forzay?,-1
109,2021-01-23 14:28:03+00:00,J√≥venes Morados,,4115,22,74,[],"A nosotros tambi√©n nos gusta el f√∫tbol, pero no lo usamos para ganar votos y menos para tomar decisiones importantes. Sr. @ChavezMaximixe, ¬øsabe qu√© hinchas de @ClubALoficial no admiran a @George_Forsyth? Los vecinos de La Victoria que dej√≥ a su suerte por pura ambici√≥n pol√≠tica. https://t.co/ufhhNLvKsZ",-1
110,2021-01-23 14:23:48+00:00,Renzo Ruiz,Lima-Per√∫,68,0,8,[],"@Luccio_lpx @George_Forsyth Siento q los medios quieren hacer una especie de ""corralito"" entre Keiko y GF. No los tocan ni con el p√©talo de una rosa pero al resto le dan con palo a diario. Con la idea de q pasen a 2da vuelta (si, como las encuestas) donde por fin tendr√≠a q ganar Keiko, ya q GF est√° en nada",-1
111,2021-01-23 14:23:32+00:00,Sa√∫l Garc√≠a,Lima,279,0,4,[],"@Pe2Piscosour @Luccio_lpx @JeremyM65968984 @George_Forsyth Esas mismas encuestas que nos impusieron al campe√≥n @JorgeMunozPe, hoy el hombre invisible.",-1
112,2021-01-23 14:22:37+00:00,David Paredes,Lima / CDMX / Toronto,904,0,0,"['FujimorismoNuncaMas', 'Forsyth', 'Peru', 'Elecciones2021']","Nunca m√°s preciso. Votar por @George_Forsyth ea votar por una de las alas del fujimorismo

#FujimorismoNuncaMas #Forsyth #Peru #Elecciones2021 https://t.co/rUK6eswC12",-1
113,2021-01-23 14:19:24+00:00,Mercedes,,4214,1,3,[],@Luccio_lpx @George_Forsyth De ser as√≠ seremos el pa√≠s m√°s ignorante del planeta...al que nos roba le hacen un monumento y al burro lo elevan a las alturas...ojal√° me equivoqu√©.,-1
114,2021-01-23 14:16:16+00:00,Jose Landazuri,,34,0,0,"['ForsythPopular', 'FuerzayPopular', 'ForsayPopular']","@Luccio_lpx @George_Forsyth Quiz√°s esto ayude. Ahora no es solo no dejarlo ganar, sino impedir que nos meta fujis contrabandeados
#ForsythPopular
#FuerzayPopular
#ForsayPopular https://t.co/DrlPJRBIHu",-1
115,2021-01-23 14:09:19+00:00,Edu Plasencia,,8,0,0,[],"@omarzev @AccionDeAmparo @George_Forsyth queeeee?
George, AC√öSALO CON TU PAP√Å üòÄ",-1
116,2021-01-23 13:59:02+00:00,Jeremy,,89,0,3,[],"@Pe2Piscosour @Luccio_lpx @George_Forsyth No bro,
Menos en las √∫ltimas de Ipsos que ponen a Keiko en 2do lugar. ¬°IMPOSIBLE!",-1
117,2021-01-23 13:49:57+00:00,Jota Eme,"Lima, Peru",90,0,0,[],@catiquinto @daveparedesm @RPPNoticias @George_Forsyth Han confirmado si lo redacto su pap√° o √©l?,-1
118,2021-01-23 13:49:33+00:00,Juez,,16,0,1,[],@Luccio_lpx @George_Forsyth Nika,-1
119,2021-01-23 13:48:36+00:00,LuzMita,,776,2,7,[],"Nos quieren hacer creer que los topos de Keiko son De Soto y L√≥pez Aliaga cuando en realidad es @George_Forsyth 
NO hay peor elector que aquel que no quiere ver!
ADVERTIDOS ESTAMOS!üëáüëáüëá https://t.co/fTfYow0YH9",-1
120,2021-01-23 13:37:57+00:00,Rocio,Peru,302,0,0,[],@abelgilvonio @George_Forsyth As√≠ gan√≥ Casta√±eda üôÑ,-1
121,2021-01-23 13:34:14+00:00,@PiscoSour.pe2 √íw√ìAlva,,280,0,0,[],@Luccio_lpx @JeremyM65968984 @George_Forsyth Creen en Encuestas?,-1
122,2021-01-23 13:31:08+00:00,Miguel Angel Dapello,"V. l√°ctea,sistema solar,tierra",50,0,2,[],@Luccio_lpx @George_Forsyth No votar√© por √©l,-1
123,2021-01-23 12:59:55+00:00,C√©sar,,8,0,1,['HaroldForsyth'],"@Luccio_lpx @NellyRios17 @George_Forsyth üòîüòîüòî El chico Apolitico @George_Forsyth , manejado por su papito #HaroldForsyth..",-1
124,2021-01-23 12:59:55+00:00,Erick ZS,,19,0,0,[],@abelgilvonio @George_Forsyth Justo por eso. No quiere hablar porque cuando habla baja 1 punto.,-1
125,2021-01-23 12:56:11+00:00,Gael,,18,0,1,[],"@Politica_LR üòÜüòÜüòÜ.  Que le digan a @George_Forsyth que se habla de pol√≠tica, y no de f√∫tbol. . Estar√° leyendo la constituci√≥n el se√±orito .üòÜüòÜ",-1
126,2021-01-23 12:40:35+00:00,Kathy Ag√ºero,"Lima, Peru",230,0,3,[],"@Luccio_lpx @George_Forsyth Pienso igual que tu no solo de este sino de vaaarios candidatos. El problema con el libre albedrio es que se puede elegir a quien se quiera, as√≠ sea un mamarracho. Por eso tenemos lo que tenemos. No cambian ni los electores ni los postulantes",-1
127,2021-01-23 12:40:00+00:00,Nathalie Rod,,12,0,0,[],"@ConvocaPe @Tanavdd @George_Forsyth @ACTransparencia @ProeticaPeru @prop_ciudadana @WaykaPeru @Actua_Pe @larepublica_pe @jfowks Al margen de esos detalles, no podemos permitir que una persona sin estudios sea presidente, si eso pasa el siguiente periodo tendremos a una farandulera en la presidencia",-1
128,2021-01-23 12:37:57+00:00,Parabellum,,63,1,1,"['ForsayNaranja', 'ForsythChileno']","@Luccio_lpx @George_Forsyth √âste Veneco chileno no sabe d√≥nde est√° parado y ni articular una frase completa puede sin la ayuda de su papito. Otro invento m√°s de la KONFIEP para tener curules en el congreso.
#ForsayNaranja
#ForsythChileno",-1
129,2021-01-23 12:33:01+00:00,Victor Macedo,,7,0,0,[],"@omarzev @George_Forsyth Definitivamente, existe una alianza silenciosa con la mafia fujimorista, de igual forma como la que ten√≠an con los apristas.",-1
130,2021-01-23 12:27:42+00:00,Coco,Lima,81,0,1,[],"@Luccio_lpx @George_Forsyth Que se mantenga en la nube mejor, sino Keiko estar√≠a primera",-1
131,2021-01-23 12:23:17+00:00,CoRaZoN SaLvAjE,"Surquillo, Peru",567,0,0,[],"@_CarlitaRocha @mmolina2106 @George_Forsyth Todos fuman, yo si nunca fume y no fumare , ahora hasta los periodistas fuman, que ejemplo dan con eso?
Los delincuentes para robar y matar  fuman .",-1
132,2021-01-23 12:22:39+00:00,Rosaib,,15,1,1,[],"@omarzev @George_Forsyth VOTAR POR EL COMOD√çN FORSYTH,ES VOTAR POR KEYKO,
ESTA ES UNA DE SUS JUGADAS SUCIAS,POR ESO ES QUE DEJO DE SER ALCALDE,PREFIRI√ì VIVIR EN LA CORRUPCI√ìN,L√ÅSTIMA MALOGRAR SU IMAGEN TAN JOVEN,üëéüëéüëéüëéüëé",-1
133,2021-01-23 11:12:08+00:00,Maria Doris Niquen,Peru,356,1,4,[],"@Machin56 @Luccio_lpx @George_Forsyth Ya Fue Forsyth.
Qu√© ahora hagan la nueva encuesta.
Ya debe estar con un 7%.
Se enterr√≥ con esos candidatos para el congreso.
Fujimoristas camuflados.
Sigamos atentos.",-1
134,2021-01-23 10:37:19+00:00,Yurik Voyka,,1,0,0,[],@George_Forsyth Jajaja jajaja es tu paisano venecos como t√∫ in√∫til oportunistas analfabeto y mediocres se√±or eres otro Merino met√©s burros y pagas como si hubieran grado de instrucci√≥n superior,-1
135,2021-01-23 09:59:58+00:00,Ramiro Delgado,,10,0,0,[],"@omarzev @George_Forsyth Forsay es un achoradito de la Victoria, miren como habla",-1
136,2021-01-23 09:56:04+00:00,Miguel Garc√≠a Ledesma,Per√∫,410,1,6,[],"@Luccio_lpx @George_Forsyth Es el kamikaze de Keiko. Lo encumbran para que ""pierda"" en segunda. Alertemos a todos, ¬°Estamos a tiempo!",-1
137,2021-01-23 09:50:40+00:00,@tema0902,Sverige,3304,7,39,[],"@Hans_el_Erizo No pues, si se da √©ste caso... yo promover√≠a el VOTO VICIADO.... as√≠ se anulan las elecciones. No podemos permitir q alguno de √©stos dos llegue a la presidencia. @George_Forsyth  tiene que prepararse m√°s, no es su tiempo. Y @keikofujimori BLINDAJE,  est√° DESCARTADA de por vida.",-1
138,2021-01-23 09:50:25+00:00,@tema0902,Sverige,3304,0,6,[],"No pues, si se da √©ste caso... yo promover√≠a el VOTO VICIADO.... as√≠ se anulan las elecciones. No podemos permitir q alguno de √©stos dos llegue a la presidencia. @George_Forsyth  tiene que prepararse m√°s, no es su tiempo. Y @keikofujimori BLINDAJE,  est√° DESCARTADA de por vida. https://t.co/ufn0jRtMIl",-1
139,2021-01-23 08:35:27+00:00,Memento mori,,11,1,10,[],"@Luccio_lpx @George_Forsyth Pensaba que eramos pocos los que pensabamos asi...Gracias
Yo no se de donde sale ese 17% que votaria por el si se percibe facilmente que es improvisado y poco preparado. Igual que su ex.",-1
140,2021-01-23 08:28:45+00:00,Jupao üáµüá™,Per√∫,365,0,14,[],"@Luccio_lpx @George_Forsyth Es que la prensa de mierda nos mete por los ojos al webas √©se....yo sinceramente creo que en provincias no se le conoce y si me equivoco y se da que la gorda ociosa, el ni√±o pinton y la Verito desfasada tienen jale, pues, merecemos tenerlos x ser unos electores ignorantes.",-1
141,2021-01-23 06:15:41+00:00,Luz Juarez,"Santiago de Surco, Peru",854,0,0,['FujimorismoNuncaM√°s'],"@omarzev @George_Forsyth Ese Partido es uno de sus tent√°culos del Fujimorismo. Se las saben todas esas RATAS.
#FujimorismoNuncaM√°s",-1
142,2021-01-23 06:15:03+00:00,JG,Per√∫,91,0,4,[],"@Luccio_lpx @George_Forsyth Si hay gente q va a votar por Keiko o por Acu√±a.
Las encuestas no me parecen tan serias eh",-1
143,2021-01-23 06:02:39+00:00,pedro gianella,"Miami, FL",2181,0,0,[],@pacopini666 @sullama @gvillasis @George_Forsyth No has visto a tu amado martin?? Mestro de MAESTROS 26 propiedades ?? D la noche a la ma√±ana?? Y sabr√° dios que mas..,-1
144,2021-01-23 05:58:46+00:00,Boris Sanchez,,4,0,0,[],@diariocorreo Como no va a ser as√≠ si @George_Forsyth tiene cara de idiota,-1
145,2021-01-23 05:17:39+00:00,Juan Benites,,5,0,0,[],@CesarBejarano21 @George_Forsyth Con qui√©n podr√≠a debatir es con Acu√±a que no puede decir una frase que tenga sentido,-1
146,2021-01-23 05:00:39+00:00,Kevin P. Vidal,Lima - Per√∫,393,0,0,[],"AJJAJAJAJAJAJANAJJAJAJAJAJAJAJ El fondo Blanquiazul detr√°s de @George_Forsyth xD

Pucha, si gana estamos sentenciados al desastre. ü§£",-1
147,2021-01-23 04:57:45+00:00,Lalita,,0,0,0,[],"@carceparo @SalitaSin @George_Forsyth Que m√°s, que m√°s ..... Burro",-1
148,2021-01-23 04:52:59+00:00,Kevin P. Vidal,Lima - Per√∫,393,0,2,[],El vice de @George_Forsyth no sabe qui√©n es el tesorero ni qui√©n financia la campa√±a. Huele a mafia esta huevada.,-1
149,2021-01-23 04:52:20+00:00,Susan Lee,,300,1,37,[],@Luccio_lpx @George_Forsyth Y para colmo lleva una recua de fujimoristas al congreso,-1
150,2021-01-23 04:52:13+00:00,RobertStop,Underworld,132,0,0,[],@Luccio_lpx @George_Forsyth El sr Forsyth deber√≠a leer sobre la experiencia del primer gobierno de Alan pero no para decir que el no cometer√° errores sino para que sepa que ya se intent√≥ una vez por un candidato joven.... Y que no debemos ser reincidentes.,-1
151,2021-01-23 04:51:19+00:00,Yessica Morales C,Peru,72,0,0,[],Jajaja el √∫nico que est√° en la calle eres t√∫ arquero de 5ta @George_Forsyth https://t.co/XriMeNgKCh,-1
152,2021-01-23 04:45:57+00:00,raquel luna,Miraflores,75,0,0,[],@omarzev @pattyromero11 @George_Forsyth Harold es pinky de Javier Ocampo.,-1
153,2021-01-23 04:42:49+00:00,Ra√∫l Yupanqui,,16,0,0,[],"@omarzev @George_Forsyth Si camina como un pato y es color naranja, 'tons es un fujimorista. ü§≠",-1
154,2021-01-23 04:40:32+00:00,Sa√∫l Garc√≠a,Lima,279,0,1,[],"@abelgilvonio @George_Forsyth Igual que Mu√±oz. Recordemos que la prensa tmb lo endios√≥ y ahora no sabemos siquiera si est√° vivo. No repitamos la historia,",-1
155,2021-01-23 04:39:43+00:00,√ìscar Paz Solano,,1,0,0,[],"@KarlaCalle @George_Forsyth Milagros, FORSYTH es izquierdista? Que raro no? Ahora este tipo de est√∫pidos buenos para nada son""izquierdistas""!!!",-1
156,2021-01-23 04:29:32+00:00,Luchex‚òï,"Jes√∫s Maria, Peru",2211,1,25,[],"@robert_stop @George_Forsyth OK mira,  si bien es cierto Keiko representa todo lo malo de la pol√≠tica, al menos por mucho tiempo ha enga√±ado a sus mononeuronales electores, pero el arquero, ni eso, improvisado total.
Lo peor es que no tiene idea de lo que est√° intentando hacer.
Por eso no quiere debatir",-1
157,2021-01-23 04:22:09+00:00,alfredo leon navarro,PERU,157,0,0,[],@ocram @George_Forsyth ha perdido el PRINCIPIO DE AUTORIDAD en su partido Victoria Nacional,-1
158,2021-01-23 04:13:49+00:00,Fernando Silva,"Orem, UT  USA",60,0,1,[],"@ChavezMaximixe @VictoriaForzay @joaquinreyh @George_Forsyth @canalN_ @GustavoEscribe @AlfredoMTorres @patarevalo @mariano3vn Q ridiculo se te ha visto en el programa 2021 sin poder justificar 1 sola raz√≥n de pq estas como vice con Forzyte. ""somo aliancistas"", q pobre argumento.",-1
159,2021-01-23 04:13:40+00:00,ximena orrego,,518,1,3,[],@Luccio_lpx @George_Forsyth Esperemos la fe es lo ultimo que se pierde ni quiero imaginarlo,-1
160,2021-01-23 04:08:38+00:00,Luchex‚òï,"Jes√∫s Maria, Peru",2211,351,2200,[],"Ya en serio, d√©jense de cojudeces, como van a votar por @George_Forsyth?

El tipo est√° en la nube... respet√©monos un cachito, no?",-1
161,2021-01-23 03:44:43+00:00,David Paredes,Lima / CDMX / Toronto,904,0,2,"['Peru', 'Elecciones2021']","En serio que @RPPNoticias le da una columna a @George_Forsyth ¬øAs√≠ de descarado el apoyo a un candidato cuyo padre tiene que salir a hablar por √©l? ¬øA qui√©n no sabe ni que hacer en la presidencia? ¬øA un candidato cuyo c√≠rculo est√° m√°s que cuestionado?

#Peru #Elecciones2021 https://t.co/pTKGKEWm8C",-1
162,2021-01-23 03:41:28+00:00,Roberth Tecse,,18,0,0,[],@omarzev @George_Forsyth Qui√©n m√°s puede tener esos nexos y ese inter√©s para que su hijo tenga ese know how para las siguientes elecciones?,-1
163,2021-01-23 03:19:38+00:00,Maria Falc√≥n,,61,0,0,[],"@KarlaCalle @RPPNoticias @George_Forsyth Nieto Montesinos y Siomi son los verdaderos ""directores d orquesta""
en ese partido, Forsyth es pura finta.",-1
164,2021-01-23 03:13:24+00:00,karin,,134,0,0,[],@George_Forsyth Sigue un curso de actuaci√≥n que Tu ex  te recomiende donde ... tu cara es m√°s falsa !! Pr√°ctica en el espejo jajajajaajjaja,-1
165,2021-01-23 03:07:14+00:00,Karla M√©ndez Ô£ø,"LIMA, CDMX",744,0,0,[],@uterope Ojo! @George_Forsyth tus topos al descubierto üßê,-1
166,2021-01-23 03:03:54+00:00,Forsyth Pinocho,,3,0,0,[],"@Juli3103vs @George_Forsyth Cuando alguien como yo tiene la cara de Ken y un pap√° importante, las palabras sobran. No te olvides de votar por mi.",-1
167,2021-01-23 02:46:02+00:00,Med FM - CJ,,87,0,1,[],"En Verdad est√° estupidez de humano quiere ser un presidente?

Peruano en verdad te creen tan ignorante, tan lerdo, que esto es una opci√≥n?
@George_Forsyth https://t.co/ueIEQ5sxf6",-1
168,2021-01-23 02:43:02+00:00,El Chacal,,5,0,0,[],"@omarzev @George_Forsyth Esas ratas est√°n sembradas en todos lados, por ello mucho cuidado al votar",-1
169,2021-01-23 02:39:45+00:00,juan huanca quispe,,198,0,0,[],@Juancar59279854 @abelgilvonio @George_Forsyth se desplomar√° como los puentes de Casta√±eda.,-1
170,2021-01-23 02:38:49+00:00,Williams Pozz‚ì§oli,algun lugar del Callao,30,0,0,[],"@GloriaMonteneg @George_Forsyth @elcomercio_peru Al mismo estilo de Richard Swing, se llevaba este amigo dinero de la municipalidad.
*asesores* dizquen",-1
171,2021-01-23 02:36:50+00:00,aniithha,"Lima, Peru",21,0,0,[],"@abelgilvonio @George_Forsyth Por eso esta primero en las encuestas, porque no dice nada...üòíüòí",-1
172,2021-01-23 02:34:28+00:00,Dani..Daniel,Peru,27,0,0,[],"@puzangueando @SalitaSin @George_Forsyth jajajajajajjajajaja  como te gustan los burros , pasa nomass pato jajajajjaa",-1
173,2021-01-23 02:29:45+00:00,Lalita,,0,0,0,[],"@carceparo @SalitaSin @George_Forsyth Hazte una, burro üòÇüòÇ",-1
174,2021-01-23 02:29:17+00:00,Lupilla666üí´,lima,154,0,0,[],"@2021canalN @canalN_ yo reconozco en √©l ,lo inocente, est√∫pido y confiado q es titere de los q lo est√°n empujando a esta tragedia, no esta preparado! Tienen  üí© üí© en la cabeza?? @George_Forsyth ret√≠rate y queda mejor nos vas a destruir con tu ignorancia en pol√≠tica y manejo del pais no sabes nada https://t.co/NO1XP5p6Nq",-1
175,2021-01-23 02:16:44+00:00,BuHo,LIMA-PERU,454,0,1,[],"@karinneumann18 @ysildur1 @George_Forsyth El ex pelotero no da la talla, es tan limitado que no sabe ni mentir.",-1
176,2021-01-23 02:10:34+00:00,locotapahueco..,"villa el salvador , lima",138,0,0,[],"@George_Forsyth te hablan cual es tu plan pero serio ps
Poner alianza en primera
Ser pinki con la sra k
A cada ambulante poner su tienda
A los de serenasgo portar arma para amedentrar a los ambulantes cual es tu plan...? https://t.co/C0jiOF1cRW",-1
177,2021-01-23 02:07:37+00:00,‚òÖÂΩ°Carla Maria‚òÖÂΩ°,Peru,255,0,0,[],@KarlaCalle @George_Forsyth ü§Æü§Æü§Æü§Æü§Æü§Æ https://t.co/gtjiLsnNBe,-1
178,2021-01-23 02:03:37+00:00,Dani..Daniel,Peru,27,0,0,[],@puzangueando @SalitaSin @George_Forsyth jajajajajjajaja que imbecil este pezu√±ento jajajajaja  chiste dice asu realidad... ya ps todos sabemos que te gustan los burros !!!!   jajajajjajajaa,-1
179,2021-01-23 01:56:40+00:00,Luis Mederos Dom√≠nguez,,488,4,3,[],"@omarzev @jairivi @George_Forsyth Que demonios le pasa a este muchacho (Forsyth)  ?
El pueblo peruano est√° RECHAZANDO  a esta BANDA de MAFIOSOS Fujimoristas . . .  Y √©l est√° tratando de meter a estas RATAS por la puerta trasera del Congreso. 
De nada servir√≠a la FUMIGACI√ìN que hicimos con el presidente Vizcarra",-1
180,2021-01-23 01:52:35+00:00,Jos√© Llacsahuache ü¶†,Lima,251,4,10,[],El candidato presidencial @George_Forsyth en su faceta de un machazo julbolista... https://t.co/tFdEsRmZVJ,-1
181,2021-01-23 01:44:58+00:00,ezequielqt,,28,0,1,[],"@VictoriaForzay @George_Forsyth @canalN_ @GustavoEscribe @AlfredoMTorres @ChavezMaximixe @patarevalo @mariano3vn @joaquinreyh En ese caso si Forsyth no es pol√≠tico deber√≠a postular a la Federaci√≥n Peruana de F√∫tbol. Necesitamos j√≥venes pol√≠ticos, que debatan, defiendan sus ideas y eleven propuestas. Es una incertidumbre este candidato",-1
182,2021-01-23 01:44:40+00:00,jotaLucho,Angban,124,0,0,[],@omarzev @George_Forsyth El Sr. Harold arm√≥ esa lista,-1
183,2021-01-23 01:29:18+00:00,karin,,134,0,0,[],@ysildur1 @George_Forsyth Jjjas no me piques !! M√°s bien cu√°l es su s√≠mbolo ??? Marco cualquiera menos ese ! Jajaja,-1
184,2021-01-23 01:29:02+00:00,Claudio Teran,,190,0,1,[],"@EddyMartin1976 @ocram @George_Forsyth @patarevalo Es otra muestra de la improvisaci√≥n de este candidato.
Debemos emitir un voto informado para no volver a sufrir la crisis politica que hemos vivido en estos ultimos 5 a√±os.",-1
185,2021-01-23 01:28:37+00:00,CAVIAR yo????,lima Peru,3944,0,0,[],@karinneumann18 @George_Forsyth Y novachel ojal√° no votes x el ???,-1
186,2021-01-23 01:27:41+00:00,karin,,134,0,1,[],@ysildur1 Hahahahaha limitadito por m√°s que tiene toooda la facilidad no le da! @George_Forsyth,-1
187,2021-01-23 01:24:41+00:00,Poblador de Lima Rural,"Lima, Peru",77,0,1,[],"@VictoriaForzay @George_Forsyth @canalN_ @GustavoEscribe @AlfredoMTorres @ChavezMaximixe @patarevalo @mariano3vn @joaquinreyh Abandon√≥ su carrera, abandon√≥ a su esposa, abandon√≥ su municipio, qu√© m√°s con ese patita",-1
188,2021-01-23 01:13:16+00:00,Lalita,,0,0,0,[],"@carceparo @SalitaSin @George_Forsyth Haz tus propios chistes, del asterisco es mio.... Usa tu cabezita hueca y hazte una... üòÇ 
Burrrrroooooooooo",-1
189,2021-01-23 01:11:18+00:00,jose,,25,0,0,[],@ysildur1 Obviamente @George_Forsyth es un imb√©cil. Aplaudan pe'.,-1
190,2021-01-23 01:01:46+00:00,‚òÖÂΩ°Carla Maria‚òÖÂΩ°,Peru,255,0,0,['IMBECIL'],@RPPNoticias Jjajajajajaja hay que ser bien #IMBECIL para creer que @George_Forsyth escribi√≥ eso jajajjajajaja jajajajajjajaja jajajajajajaja https://t.co/OjfX1m7Y0x,-1
191,2021-01-23 00:56:38+00:00,hugo,quillabamba,46,0,0,[],@George_Forsyth antes botabas alos ambulantes ahora te quieres volver ambulanteüòÅ,-1
192,2021-01-23 00:55:38+00:00,Carlos Vargas M.,"Chiclayo, PER√ö",240,0,1,[],"Biso√±o @George_Forsyth, 
NO votar√≠a por √©l. https://t.co/dD3w1xrPRw",-1
193,2021-01-23 00:52:38+00:00,Ronald,,51,0,0,[],@VictoriaForzay @George_Forsyth @canalN_ @GustavoEscribe @AlfredoMTorres @ChavezMaximixe @patarevalo @mariano3vn @joaquinreyh Forsyth ser√≠a la marioneta de los empresaurios.,-1
194,2021-01-23 00:51:12+00:00,Mike,,396,0,2,[],"@pacopini666 @sullama @gvillasis @George_Forsyth Eres el t√≠pico lameculos y arrastrado votante, as√≠ que pasa pasa nomas imb√©cil, regresa al vertedero de donde saliste MOJ√ìN!!",-1
195,2021-01-23 00:50:02+00:00,Jean Monjar√°s,"Arequipa, Peru",18,0,0,[],@2021canalN @canalN_ @ChavezMaximixe @George_Forsyth @MavilaHuertasC Jaja y por qu√© no va Forzay? No le quieren da√±ar la candidatura?,-1
196,2021-01-23 00:41:52+00:00,Paco Pinillos,Trujillo - Per√π,216,0,1,[],@Mikelakest @sullama @gvillasis @George_Forsyth Y cuando Mrda escribi q votare x Forsyth ???? CDTM lee bien Troll,-1
197,2021-01-23 00:41:38+00:00,Miriam,,4,0,1,[],"@CesarBejarano21 @George_Forsyth ES UN NETO Y LEG√çTIMO TOPO DE LA KORRUPCION DEL FUJIMORISMO....QUE TERRIBLE, ESTE INDIVIDUO NO TIENE RESPETO POR EL PER√ö,YA RECIBI√ì PLATA DE LA KORRUPCION,PARA METER M√ÅS "" IGNORANCIA"" EN EL CANGRESO.",-1
198,2021-01-23 00:39:07+00:00,ricardo a rodriguez,"Lima, Peru",1580,2,10,[],"@RPPNoticias Guaripoleros hediondos, hagan pasar como estadista a ese analfabeto funcional
@George_Forsyth",-1
199,2021-01-23 00:38:09+00:00,Mike,,396,0,1,[],"@pacopini666 @sullama @gvillasis @George_Forsyth Otro imb√©cil que sue√±a con Montesinos y Fujimor√≠ que est√°n presos,mientras tanto el ignorante maltratador de mujeres FORZAY sigue esperanzado en seguir convenciendo a m√°s idiotas como este, despierta huevon!!!",-1
200,2021-01-23 00:35:21+00:00,Juana Garc√≠a C√°rdenas,San Borja,119,1,0,[],"@RPPNoticias @George_Forsyth, huy entonces debate conmigo, y ver√°s que no sabes nada de gesti√≥n, administraci√≥n liderazgo, √©tica justicia y situaci√≥n actual del pa√≠s, incluido tus compatriotas",-1
201,2021-01-23 00:18:49+00:00,La observadora,,1365,0,4,[],@GloriaMonteneg @George_Forsyth Los Peruanos ya estamos enterados que George esta de la mano con la vaga y los poderosos con Corbata los patrocinio!!,-1
202,2021-01-23 00:14:58+00:00,Jos√©,,83,0,0,[],@canalN_ @George_Forsyth solo es el trampol√≠n para muchos FUJIMORISTAS ü§Æü§Æü§Æü§Æü§Æ https://t.co/TGmIUGgkLy,-1
203,2021-01-23 00:06:44+00:00,Susi Huallpa,"Lima, Peru",36,0,1,[],@VictoriaForzay @George_Forsyth @canalN_ @GustavoEscribe @AlfredoMTorres @ChavezMaximixe @patarevalo @mariano3vn @joaquinreyh Esta en primer lugar segun encuestas manipuladas por la prensa vendida que quieren direccionar nuestro voto.,-1
204,2021-01-23 00:01:54+00:00,Cecilia Garavito,,1643,0,0,[],"@vaquitadepobre @abelgilvonio @George_Forsyth Si, eso dice bastante sobre nuestra forma de votar como pa√≠s. Antes se votaba por caudillos que hablaban bien. Ahora se vota por personas que no hablan, pero seguro te dicen: hermanito, yo soy como t√∫, etc.",-1
205,2021-01-22 23:59:10+00:00,W. Valderrama,"PER, USA, ECU most of the time",74,0,1,[],"@CeciGaravito @abelgilvonio @George_Forsyth Pero es un fen√≥meno interesant√≠simo. Menos hablas, mejor te va.",-1
206,2021-01-22 23:57:44+00:00,richard  rojas,,136,0,0,[],@abelgilvonio @George_Forsyth Es la estrategia de la CONFIEP y todos sus asesores fujimontesinistas,-1
207,2021-01-22 23:57:14+00:00,Fernando Silva,"Orem, UT  USA",60,0,0,[],"@ChavezMaximixe @VictoriaForzay @joaquinreyh @George_Forsyth @canalN_ @GustavoEscribe @AlfredoMTorres @patarevalo @mariano3vn Como sea, igual entendiste y no te ateviste a responder el mensaje sr. Linguista.",-1
208,2021-01-22 23:55:26+00:00,W. Valderrama,"PER, USA, ECU most of the time",74,0,1,[],@CeciGaravito @abelgilvonio @George_Forsyth Es algo que ya hemos visto. Es igual que Casta√±eda (rata√±eda). Estaba primero hasta que habr√≠a la boca. Siempre ten√≠a a otros que hablen por el. Forsyth ten√≠a a Susel que hablaba por el. Ahora est√° solo.,-1
209,2021-01-22 23:49:13+00:00,karin,,134,0,1,[],@apranorte @George_Forsyth Que m√°s curriculum de este tramposo quieren ??,-1
210,2021-01-22 23:47:27+00:00,Apra,,7655,0,0,[],@karinneumann18 @George_Forsyth Bueno si pide ropa para copiar modelos y no la devuelve q va a pagar es tramposos este imbecil,-1
211,2021-01-22 23:44:44+00:00,karin,,134,2,5,[],@apranorte Que le pague a mi t√≠o que trabaj√≥ en la municipalidad con el @George_Forsyth comun√≠cate por este medio ....,-1
212,2021-01-22 23:42:03+00:00,jisimurag@hotmail.com,,102,0,1,[],"@sullama @maria_peruana @gvillasis @George_Forsyth Ser√≠a interesante un debate de Forsath con De Soto y Aliaga, seguro se interna en una cl√≠nica para evitar el debate, al margen de ser mal alcalde, ser denunciado por maltrato a su esposa y tener el brevete suspendido por alcoholico, seg√∫n su hoja de vida no posee propiedad alguna",-1
213,2021-01-22 23:36:16+00:00,wilsonL,e—ïpa√±a,182,0,0,[],@KarlaCalle @George_Forsyth RPP m√°s vendidos al los mejores postores üí©,-1
214,2021-01-22 23:35:35+00:00,Joseph Lopez,"Lima, Peru",7,0,0,[],@abelgilvonio @George_Forsyth De hecho lo estan inflando,-1
215,2021-01-22 23:32:42+00:00,Joshua01,,16,0,0,[],@LuzAme01 @GloriaMonteneg @George_Forsyth Pero que tiene que ver eso con los topos fujimoristas?,-1
216,2021-01-22 23:26:33+00:00,Jorge CasJr,,70,0,0,[],"@kguillenp03 @karinneumann18 @KarlaCalle @George_Forsyth Indaguen y pregunten repitio 3 a√±os el Kinder, no es broma...",-1
217,2021-01-22 23:20:01+00:00,i p o s . p e,condimentado aderezo pero sano,1642,0,0,[],@israel_peru @pacopini666 @sullama @gvillasis @George_Forsyth y porque apoyas a la camarada Ruth? o la sra. k,-1
218,2021-01-22 23:19:17+00:00,Juez,,16,0,0,[],@KarlaCalle @RPPNoticias @George_Forsyth Ese arquero no escribe nada. No llena un crucigrama ni con Google.,-1
219,2021-01-22 23:13:56+00:00,Cecilia Garavito,,1643,0,1,[],@abelgilvonio @George_Forsyth Es incomprensible.,-1
220,2021-01-22 23:13:35+00:00,GerardoMontesinos,Lima,1112,0,0,[],@George_Forsyth eres un FRAUDE de pies a cabeza.,-1
221,2021-01-22 23:11:54+00:00,Mayckel,"Atlanta, GA",248,0,0,[],@abelgilvonio @George_Forsyth Esta copiando la estrategia de Casta√±eda... el 2011!! y cuando caiga... empezar√° a hablar estupideces pa terminar sepultado,-1
222,2021-01-22 23:11:02+00:00,miguel angel vega vi,LIMA,28,0,3,[],@omarzev @SCBHUO @George_Forsyth Si Forsaith es naranja entonces ya fue,-1
223,2021-01-22 23:05:24+00:00,Sauternes79,,11,0,0,[],@KarlaCalle @George_Forsyth Algunas palabras sueltas: miaaaa!!! Fueraaaaa!!! Cada uno al suyo!!!! No suelten la marca!!! No lo dejes patear!!!... regresa con el!!!,-1
224,2021-01-22 23:02:04+00:00,Felipe Escudero,Lima,109,1,2,[],@KarlaCalle @George_Forsyth Farsyth es el Milli Vanilli de los columnistas!ü§£ü§£ü§£,-1
225,2021-01-22 23:01:36+00:00,Milk,"San isidro, Peru",346,7,13,[],"@KarlaCalle @George_Forsyth Otro m√°s que promocionan para seguir manejando el estado y sus recursos. Estos no tienen l√≠mite, hace 20y que gobiernan el hambre mercantilista y corrupto de los medios, y los izquierdistas que inventan historias y cobran puntual del estado.",-1
226,2021-01-22 23:00:38+00:00,Alvaro Thais,Lima,693,1,3,[],@KarlaCalle @RPPNoticias @George_Forsyth Hasta ahora Forsyth no puede explicar qu√© medidas tomar√≠a para reformar el Estado... seguimos esperando.,-1
227,2021-01-22 22:59:16+00:00,c. Karen Guill√©n üáµüá™,,1534,3,6,[],@karinneumann18 @KarlaCalle @George_Forsyth Yo lo he escuchado balbucear. No logra coordinar dos ideas.,-1
228,2021-01-22 22:58:58+00:00,Miriam,,4,0,0,[],"@GloriaMonteneg @George_Forsyth @elcomercio_peru Y PORQUE RECIBI√ì??? PARA LA CAMPA√ëA DEL SINVERG√úENZA MAFIOSO FORZAITH, CONTRALOR√çA QUE ACT√öE URGENTE",-1
229,2021-01-22 22:58:21+00:00,El Chapul√≠n Colorado,"Tangamandapio, Michoac√°n de Oc",215,1,4,[],@abelgilvonio @George_Forsyth Casta√±eda fue reelecto alcalde de Lima sin decir nada tambi√©n.,-1
230,2021-01-22 22:57:33+00:00,Miriam,,4,0,1,[],@GloriaMonteneg @George_Forsyth Sab√≠amos que al pobrecito hablador  mentirosillo FORZAITH es TOPO LEG√çTIMO DE LA KORRUPCION FUJIASNOS-APRA-ACCIOPOPULISTAS.para vengarse del Per√∫ de los Peruanos...y REFORZAR LAS FILAS DEL FUJIMORISMO QUE SON ENEMIGOS DEL PER√ö MALDICI√ìN PARA EL PER√ö.,-1
231,2021-01-22 22:57:15+00:00,Bicente Nario,"Lima, Per√∫",105,0,1,[],"@KarlaCalle @RPPNoticias @George_Forsyth ¬°¬° O sea la estafa es ""en banda"" !!   Se pasaron de mermeleros !!",-1
232,2021-01-22 22:56:00+00:00,Patricia ramos,"La Molina, Peru",189,0,0,[],@omarzev @George_Forsyth Quien nos quedar√≠a para presidente?? Julio Guzm√°n,-1
233,2021-01-22 22:55:03+00:00,Amner Modesto Ch√°vez,Huaraz,495,0,2,[],@KarlaCalle @RPPNoticias @George_Forsyth Seguro lo escribi√≥ su aapiii,-1
234,2021-01-22 22:53:40+00:00,Karla Calle,,31650,26,130,[],"@RPPNoticias Quien ha escuchado hablar a Forsyth @George_Forsyth sabe que esta columna NO LA HA ESCRITO √âL. 
Sres. vendidos de RPP dejen de insultar nuestra inteligencia.",-1
235,2021-01-22 22:53:25+00:00,Karla Calle,,31650,29,95,[],"Quien ha escuchado hablar a Forsyth @George_Forsyth sabe que esta columna NO LA HA ESCRITO √âL. 
Sres. vendidos de RPP dejen de insultar nuestra inteligencia. https://t.co/8YfEza1XvI",-1
236,2021-01-22 22:47:23+00:00,Fernando,"Lima, Per√∫",40,1,0,[],"@Charitocrema @George_Forsyth As√≠ son. Los ""no manchados por la pol√≠tica"" seg√∫n las p√©rfidas encuestas de IPSOS. Los imb√©ciles cierran los ojos mientras la prensa/TV basura y los que fungen de sanguijuelas de ese candidato esperan que una cortina de humo cubra esa denuncia.",-1
237,2021-01-22 22:46:07+00:00,Rocio Soldado,,846,0,11,[],"@canalN_ Porque hay medios de comunicaci√≥n vendidos al poder del dinero, manipulan a la poblaci√≥n poni√©ndolo en pantalla a cada rato. @George_Forsyth es un mediocre que funge de ""pol√≠tico"" y le hacen creer que tiene posibilidades de ganar, es payaso de los mediosüò°
@JNE_Peru @ONPE_oficial https://t.co/Xz2ywsW4me",-1
238,2021-01-22 22:38:47+00:00,Reynaldo,,21,0,1,[],"@George_Forsyth toda mi familia iba a votar por ti, pero est√°s con mayor√≠a fujimorista en tu lista. NUNCA GANAR√ÅS, YA PERDISTE por traici√≥n y por unirte a la basura pol√≠tica fujimorista, osea est√°s enga√±ando al pueblo aliancista.",-1
239,2021-01-22 22:34:43+00:00,Shin,"Peru, Lima",2,0,0,[],"@George_Forsyth Yo tambi√©n creo que detr√°s de √©l est√° su pap√°...
https://t.co/3wIMJUFuCD",-1
240,2021-01-22 22:32:54+00:00,Alejandro Sifuentes,,1065,0,3,[],"@RPPNoticias @George_Forsyth, no seas conchudo. Devuelvele la ropa a la foca Farf√°n, esa que le pediste prestada hace a√±os para piratear los modelos.",-1
241,2021-01-22 22:28:18+00:00,Abcde,,10,0,0,[],"@ChavezMaximixe @Felix66817911 @VictoriaForzay @George_Forsyth @canalN_ @GustavoEscribe @AlfredoMTorres @patarevalo @mariano3vn @joaquinreyh Estaba pensando votar por Forzay, pero me preocupa q no asista a debates y evite entrevistas pol√≠ticas, ojala acepte la entrevista que est√° proponiendo @ocram.",-1
242,2021-01-22 22:25:37+00:00,Crist√≥bal M√ºll,,25,0,0,[],"@GloriaMonteneg @George_Forsyth @elcomercio_peru Dile que le devuelva su maleta llena de ropa que le presto la Foquita. Solo fue un toque el pr√©stamo, seguro ya la cachineaste.",-1
243,2021-01-22 22:19:25+00:00,Gino BASSO SOMBRIO,,0,1,2,[],"@KarlaCalle @George_Forsyth Este borrachin tiene sus man√≠as, sino preg√∫ntenle a la Foquita Farf√°n https://t.co/gEzmWwCtRA",-1
244,2021-01-22 22:09:05+00:00,Anngie,Peru,840,0,1,[],"@gvillasis Hello se√±or @George_Forsyth ahora se entiende de d√≥nde tendr√° recursos para su campa√±a, esto solo es el comienzo ü§Æ",-1
245,2021-01-22 21:50:15+00:00,Lucy Alarc√≥n,Peru,151,0,4,[],"@omarzev @George_Forsyth Claro que tuvo que ver, Harold Forsyth est√° detr√°s del tel√≥n, el hijito no sabe no opina.",-1
246,2021-01-22 21:46:51+00:00,Visamor,,166,0,2,[],"@abelgilvonio @George_Forsyth Es lo mismo que he escuchado, que ""el blanco y nulo"" se encuentra primero en las encuestas.
Entonces, est√°n hablando de Forzay?",-1
247,2021-01-22 21:41:19+00:00,Lalita,,0,0,0,[],@carceparo @SalitaSin @George_Forsyth Si si..... Jajajjajajaja jajajjajajaja sigue llorando,-1
248,2021-01-22 21:39:56+00:00,Sergio Villavicencio,,198,0,0,[],@abelgilvonio @mateospot @George_Forsyth Estrategia Igusl a la de Humala,-1
249,2021-01-22 21:38:47+00:00,Mariateguismo para un Nuevo Per√∫,,93,0,0,[],"A prop√≥sito de la denuncia de una docena de fujimoristas postulando con @George_Forsyth, recordamos que @NietoMontesinos , cabeza de su lista, en su momento fue el l√≠der de Trinchera Roja (fracci√≥n del PCR). Hoy Jorge Nieto es comparsa del fujimorismo encaletado. https://t.co/zaKHsIhD4c",-1
250,2021-01-22 21:26:00+00:00,Antonio,"Taip√©i, Taiw√°n",156,0,1,[],"@Suleony @ConvocaPe @George_Forsyth @ACTransparencia @ProeticaPeru @prop_ciudadana @GRADEPeru @WaykaPeru @Actua_Pe @larepublica_pe @jfowks Discrepo
Error es pasarse la luz roja, tomar alcohol y manejar es delito.",-1
251,2021-01-22 21:23:20+00:00,Boris Vian,,20,0,0,[],@Politica_ECpe @DelLoyola Uy @George_Forsyth ese fue un misil a la yugular. S√≠ntomas de corrupci√≥n e incompetencia son las caracter√≠sticas de un pelotero que debi√≥ quedarse de pelotero,-1
252,2021-01-22 21:21:31+00:00,M. Jahir,Lima-Per√∫,108,0,0,[],"@adrianatudelag üö®Victoria nacional y juntos por el Per√∫, son partidos de retroceso ante una sociedad. el primero no sabe ni donde est√°n parados, pura improvisaci√≥n que empieza desde su candidato @George_Forsyth y el segundo que representa al estilo Venezolano-Chavista con su modelo econ√≥mico.üôÑ",-1
253,2021-01-22 21:19:26+00:00,MujeresGrones,,231,0,1,[],@Sarghyeto Asi debe ser... Estas leyendo @George_Forsyth... Esperamos que botes a @jferrari5,-1
254,2021-01-22 21:15:39+00:00,Yoko  Nagahata,Per√π,70,0,0,[],@GloriaMonteneg @George_Forsyth @elcomercio_peru Corruptos,-1
255,2021-01-22 21:09:23+00:00,Virginia,,89,0,6,[],"@jostipi @omarzev @AgnessMcom @George_Forsyth ¬øTopo, o caballo de Troya?",-1
256,2021-01-22 21:03:10+00:00,Abelardo,,5,0,10,[],@jgodoym @rmapalacios @ocram @George_Forsyth  apaaaa mira la Rosa Mar√≠a Palacios ta q me molesta üòñüòñüòñüòñüòñ,-1
257,2021-01-22 21:02:55+00:00,feli guerra,"Lima, Peru",6666,3,21,[],@omarzev @AgnessMcom @George_Forsyth No lo dudo! Tambi√©n tiene derecho a seguir las indicaciones de su Api.,-1
258,2021-01-22 21:02:11+00:00,Joel max,,2,0,0,[],@George_Forsyth POR ESO HICISTE CASO A GUZMAN DESCEREBRADO TONTO..,-1
259,2021-01-22 21:01:08+00:00,Joel max,,2,0,0,[],@George_Forsyth EL CANDIDATO CHISTOSO Y BUFON..,-1
260,2021-01-22 21:00:13+00:00,Joel max,,2,0,1,[],"@George_Forsyth CHISTOSO DEJA EL PERU EN PAZ...ESTUDIA,,VENECOCHILENO",-1
261,2021-01-22 20:56:58+00:00,Leo,,85,0,0,[],@Caretas Por estar de mandilon de su hijito llor√≥n @George_Forsyth.,-1
262,2021-01-22 20:53:04+00:00,Parabellum,,63,0,1,['ForsayNaranja'],"@abelgilvonio @George_Forsyth Poderoso caballero es Don Dinero üí∞üí∞
La KONFIEP ya arregl√≥ TODO con su api üò†
#ForsayNaranja",-1
263,2021-01-22 20:51:00+00:00,Franco Vergara,,35,0,0,[],@rmapalacios Exagerados! El api de @George_Forsyth tiene derecho a defender a su polluelo.,-1
264,2021-01-22 20:50:53+00:00,Helba Cotillo,Lima,219,0,1,[],@GloriaMonteneg @George_Forsyth Tambi√©n que explique por qu√© se corre del debate igual que Keiko,-1
265,2021-01-22 20:49:34+00:00,Parabellum,,63,0,0,['ForsayNaranja'],"@omarzev @George_Forsyth Pero por supuesto!!! Su papi ya negoci√≥ con la KONFIEP el dinero para la campa√±a.
#ForsayNaranja",-1
266,2021-01-22 20:47:31+00:00,#VidaSiPetroleoNo,,73,0,0,[],"@WTthupa @GloriaMonteneg @George_Forsyth Le falta verde chacana, rojo humalista, naranja fujitapers",-1
267,2021-01-22 20:46:10+00:00,Saul Zeta,,11,2,2,[],@gvillasis @MadeleineOster3 C√≥mo este se quiere sr presidente y ya le salen est√°s cosas @George_Forsyth bueno a seguir investigando que seguro saldr√°n m√°s cosas @atv_noticias @julianaoxenford,-1
268,2021-01-22 20:39:14+00:00,BLANCA ESTRELLA MU√ëO,,149,0,0,[],"@ocram @George_Forsyth no puede ser, porque te involucras con los fujis, son lo peor.",-1
269,2021-01-22 20:35:27+00:00,Eliana A.üßº,"La Libertad, Per√∫",1954,0,3,[],"@abelgilvonio @George_Forsyth Es el candidato de las encuestas, no de la gente.",-1
270,2021-01-22 20:34:17+00:00,pepecayeta,,3,0,0,[],"@abelgilvonio @George_Forsyth ¬°Ac√∫salo con tu pap√°, Yorch!",-1
271,2021-01-22 20:34:00+00:00,Victor Hugo,lima-peru,82,0,2,[],@jgodoym @rmapalacios @ocram El mudo @George_Forsyth sera el candidatos de los Caviares?? Ya q no da entrevistas desde el a√±o pasado y los pseudos periodistas no les molesta... https://t.co/RnuklVLYLY,-1
272,2021-01-22 20:25:50+00:00,Lalita,,0,0,0,[],@carceparo @SalitaSin @George_Forsyth Jajajjajajaja pobre traumado..... Le doli√≥ tanto lo del perro,-1
273,2021-01-22 20:21:33+00:00,√ìscar Guardia del √Åguila,,143,0,2,[],@pacopini666 @sullama @gvillasis @George_Forsyth Por eso Forsyt sigue el camino de Fujimori.,-1
274,2021-01-22 20:20:01+00:00,MarCito Tu CoNseJeRo,"Lima, Peru",115,0,0,[],"@George_Forsyth Verg√ºenza  Nacional ser√°s. Por que dejaste la muni de la victoria, dejaste a tu esposa, solo te dedicas dejar las cosas a medias. Venechilo das verg√ºenza. Mi Per√∫ no te merece como presidente.",-1
275,2021-01-22 20:17:07+00:00,Ricardo Guzman,Peru,75,0,1,[],@abelgilvonio @George_Forsyth La mejor estrategia de forsaith es precisamente no decir nada. Pero no le servira de mucho al final,-1
276,2021-01-22 20:15:42+00:00,Ternurita,,12,0,0,[],@VictoriaForzay @George_Forsyth @canalN_ @GustavoEscribe @AlfredoMTorres @ChavezMaximixe @patarevalo @mariano3vn @joaquinreyh Que gran diferencia con Hernando de Soto. A George se le reconoce por que fue arquero creo que de la Alianza y medio tiempo de funci√≥n como alcalde de la victoria a De Soto se le  reconocen sus vasta trayectoria como economista que asesor√≥ a diferentes gobiernos de muchos pa√≠ses.,-1
277,2021-01-22 20:01:41+00:00,Claudio C√©sar Olaya,"Lima, Per√∫",715,0,0,[],"@abelgilvonio @George_Forsyth Pregunta a su pap√°, el mismo que le hizo creer a un club que era futbolista ü§£",-1
278,2021-01-22 19:57:03+00:00,YAKUMAN,,35,0,0,[],"@George_Forsyth  Forsyth CORRUPTO, IMPROVISADO que el papito le escribe lo que tiene q decir https://t.co/2tcuyZIlsb",-1
279,2021-01-22 19:54:06+00:00,Ana Alvarez,,552,0,6,[],"@omarzev @George_Forsyth Ese partido es un sat√©lite del Fujimorismo nada m√°s, no nos enga√±emos.",-1
280,2021-01-22 19:51:37+00:00,Felix,"Lima, Peru",38,1,3,[],@VictoriaForzay @George_Forsyth @canalN_ @GustavoEscribe @AlfredoMTorres @ChavezMaximixe @patarevalo @mariano3vn @joaquinreyh Por q George no habla. Su gran m√©rito es no hablar y correrse de los debates; con eso demuestra lo improvosado que es. Veremos si esa estrategia le sirve hasta el √∫ltimo.,-1
281,2021-01-22 19:50:20+00:00,Marifer,,143,1,2,[],@abelgilvonio @George_Forsyth Si habla pasa al √∫ltimo lugar y lo sabe.....,-1
282,2021-01-22 19:48:51+00:00,Marco Velazco,Lima Peru,182,0,1,['LuisCasta√±edaLossio'],@abelgilvonio @George_Forsyth Esto es tan #LuisCasta√±edaLossio.,-1
283,2021-01-22 19:46:00+00:00,Paco Pinillos,Trujillo - Per√π,216,1,13,[],@sullama @gvillasis @George_Forsyth Fujimori contrato a un oficial (Montesinos) dado de Baja y juntos fueron los mas grandes Genocidas y Corruptos del Pais y tu votas x ellos,-1
284,2021-01-22 19:42:16+00:00,juanca,,304,1,0,[],@abelgilvonio @George_Forsyth Aplicar√° la t√°ctica del mudo Casta√±eda?,-1
285,2021-01-22 19:40:35+00:00,RENE CUITO CAYO,,0,1,1,[],@hurgamemoriaPE @George_Forsyth Ese Forsay como siempre haciendose le cojudito.,-1
286,2021-01-22 19:39:25+00:00,Magico,"Lima, Peru",259,0,1,[],@Charitocrema @George_Forsyth que arquerito de quinta,-1
287,2021-01-22 19:36:42+00:00,bernardo ramirez,"Chorrillos, Peru",51,2,5,[],"@gvillasis Espero que est√© informe sirva para darnos cuenta que @George_Forsyth, no es para nada una alternativa para ser presidente del Per√∫.",-1
288,2021-01-22 19:27:57+00:00,Fresitas,,18,0,0,[],@GloriaMonteneg @George_Forsyth Sra gloria es un topo,-1
289,2021-01-22 19:26:52+00:00,Manuel Escobar,"Nottingham, England",58,0,3,[],"@VictoriaForzay @joaquinreyh @George_Forsyth @canalN_ @GustavoEscribe @AlfredoMTorres @ChavezMaximixe @patarevalo @mariano3vn Bajo ese criterio a este paso en las pr√≥ximas elecciones el puma Carranza ser√° el pr√≥ximo presidente , despu√©s Nicola porcella",-1
290,2021-01-22 19:25:11+00:00,Gonzalo Cobo,"Lima, Peru",644,1,1,[],"@abelgilvonio @jimmy703243001 @George_Forsyth ese es el secreto de su √©xito, ¬øviste que el domingo entrevistaron a nieto montesino? forsai calladito",-1
291,2021-01-22 19:22:52+00:00,Juan Carlos,,255,0,0,[],Justamente se trata de los sets faranduleros donde el hijito de papi @George_Forsyth hace sus cantinflescos numeritos https://t.co/mgF5yaFaxo,-1
292,2021-01-22 19:21:27+00:00,Eduardo Quispe .B üéà,"Lima, Peru",111,0,0,[],@VictoriaForzay @joaquinreyh @George_Forsyth @canalN_ @GustavoEscribe @AlfredoMTorres @ChavezMaximixe @patarevalo @mariano3vn Llevando al congreso a 12 Fujimoristas ü§∑üèª‚Äç‚ôÇÔ∏è c√≥mo se llama la obra ?,-1
293,2021-01-22 19:13:14+00:00,Fernando Silva,"Orem, UT  USA",60,0,1,[],"@VictoriaForzay @joaquinreyh @George_Forsyth @canalN_ @GustavoEscribe @AlfredoMTorres @ChavezMaximixe @patarevalo @mariano3vn Osea los q van a votar por uds ya no creen en la pol√≠tica? Y pq entonce Forzay se ha metido a la pol√≠tica, a reclutado pol√≠ticos reciclados de otros partidos para hacer una candidatura √∫ltimo momento? Por lo menos tengan coherencia con lo q escriben en sus tweets no?",-1
294,2021-01-22 19:12:25+00:00,Nevski villalobos,Lima,147,0,1,[],"S√≥lo hay que mirar unos meses atr√°s y ver que cuando estuvo de alcalde no hizo algo sobresaliente, ni siquiera planifico la estrategia de prevenci√≥n para las fiestas de diciembre y por supuesto gamarra exploto solo salio del cargo sin un plan de continuidad. No a @George_Forsyth https://t.co/XHDM6ql3TK",-1
295,2021-01-22 19:00:06+00:00,Heras,,2,0,1,[],"@Juli3103vs @George_Forsyth Lo dec√≠a por un presidente cualquiera, no por ese candidato, que su principal defecti no es que sea mudo sino que no tenga nada en el cerebro m√°s que t√°cticas peloteras. Bueno que habr√° la boca o escriba algo m√°s para saber ,si no, no pasa",-1
296,2021-01-22 18:59:29+00:00,El Plebeyo,,8825,0,0,[],@abelgilvonio @George_Forsyth Es pituco pe. Ya eso le 10 punto de arranque en los medios de comunicaci√≥n.,-1
297,2021-01-22 18:55:45+00:00,Max Prieto,Callao,399,1,1,[],@George_Forsyth ü§° https://t.co/2LPicJj4Ay,-1
298,2021-01-22 18:50:20+00:00,Mario NP,,9,0,0,[],"@abelgilvonio @George_Forsyth Si habla cae 5 puntos. Lo suyo es comer chicharr√≥n, caminar saludando, tomar jugo en mercado y dejar que los dem√°s se destripen solitos...",-1
299,2021-01-22 18:41:08+00:00,karin,,134,0,1,[],@KarlaCalle @munilavictoria @George_Forsyth Imag√≠nate que har√≠a con el üáµüá™!!!! Esto es una broma payaso ü§° @George_Forsyth,-1
300,2021-01-22 18:40:33+00:00,locotapahueco..,"villa el salvador , lima",138,0,0,[],@GloriaMonteneg @George_Forsyth @elcomercio_peru Ese payaso ya fue esta con la sra k tiene a 10 ex fujimorista en su lista no pasa nada,-1
301,2021-01-22 18:38:45+00:00,Patricia,,789,0,2,[],@heyjeans @ISialer @uterope @George_Forsyth  te me ca√≠ste!! Eres Fujimorista camuflado!!! Estas llevando gente de Keiko luego te dejan y se van con Fuerza Popular,-1
302,2021-01-22 18:36:18+00:00,locotapahueco..,"villa el salvador , lima",138,0,0,[],Por eso que le estan haciendo creer en los medios que el esta primero quieren meterlo como sea la sra k ah mndado a su gente com varios partido con cuidado con eso.. @George_Forsyth es uno de ellos https://t.co/bT07rv8erX,-1
303,2021-01-22 18:31:39+00:00,Tony Valdivia,,1,0,0,[],@George_Forsyth Porque hay tantos fujimoristas en su partido?,-1
304,2021-01-22 18:27:51+00:00,Paul Acevedo,Trujillo- Per√∫,599,0,0,"['LaLibertad', 'Trujillo']",#LaLibertad #Trujillo. Exfujimoristas son reclutados por @George_Forsyth y ahora postulan por su partido al Congreso. @TrujiYo @eloymarchan @julianaoxenford @MilagrosLeivaG @esquinabaja https://t.co/yBuQBnXWBo,-1
305,2021-01-24 02:20:56+00:00,Giuseppe Richetti,,69,0,0,[],@Luccio_lpx @robert_stop @George_Forsyth 1000 veces Forsyth que la se√±ora KK,1
306,2021-01-24 00:57:29+00:00,Sonia Garcia,,4,0,1,[],@Luccio_lpx @George_Forsyth Yo voy a votar por Harold Forsyth.,1
307,2021-01-23 23:26:19+00:00,JUAN ORION,Washington DC - Lima Peru,166,0,1,[],"@GeneralDelAire1 @RPPNoticias El se√±or @George_Forsyth tiene raz√≥n, este gobierno provisional de @FSagasti est√° con los brazos cruzados en este asunto y en otros casos. La segunda ola del covid 19 se cierne sobre el pa√≠s y su inacci√≥n y lentitud dejan mucho que desear!",1
308,2021-01-23 23:25:21+00:00,JUAN ORION,Washington DC - Lima Peru,166,0,1,[],"@RPPNoticias El se√±or @George_Forsyth tiene raz√≥n, este gobierno provisional de @FSagasti est√° con los brazos cruzados en este asunto y en otros casos. La segunda ola del covid 19 se cierne sobre el pa√≠s y su inacci√≥n y lentitud dejan mucho que desear!",1
309,2021-01-23 23:05:24+00:00,Marianella Vargas,,117,0,2,[],Toma mientras @George_Forsyth @VictoriaForzay üôä https://t.co/Bn1mQ5RZtc,1
310,2021-01-23 23:01:05+00:00,Edgar Preciado,,96,0,0,[],@Luccio_lpx @George_Forsyth Lamentablemente los dem√°s est√°n peor!,1
311,2021-01-23 21:59:51+00:00,Luis Estrada,,10,0,0,[],@George_Forsyth Es importante un reconocimiento a los combatientes peruanos en la Guerra del Cenepa. Tenerlo presente cuando sea presidente.,1
312,2021-01-23 17:02:23+00:00,Jhon Perez,"La Molina, Peru",42,0,0,[],"@Luccio_lpx @George_Forsyth X q quien votamos entonces, Keiko? Acu√±a? No mo mejor x Urresti? Ummmm Ollanta? No jodas, si alguien m va volver joder? Q sea alguien q no conoc√≠a bien, as√≠ al menos puedo dormir..... No jodas...",1
313,2021-01-23 16:57:45+00:00,victor prada cotrina,,195,0,0,[],@MaritaLozano3 @makbernuy @Luccio_lpx @George_Forsyth Amiguita bella!!esta vez los dinosaurios ya se tiene q extinguir!üëçüëç,1
314,2021-01-23 16:07:00+00:00,Victoria Nacional - Forzay Presidente,,64,5,10,[],"@George_Forsyth  en @RPPNoticias  sobre c√≥mo enfrentar en el Per√∫ la Pandemia por Covid-19 

¬°Vamos rumbo a la Victoria Nacional!

https://t.co/2Xnj607gDT

@ChavezMaximixe @joaquinreyh @NietoMontesinos  @jferrari5  @patarevalo @CespedesAgnies @risi_juan @AsceliRabasa10",1
315,2021-01-23 15:41:24+00:00,IGS,,33,0,2,[],"@Luccio_lpx @George_Forsyth Lo mismo digo como carajo pueden votar por Julito, Acu√±a y Keiko.",1
316,2021-01-23 15:39:36+00:00,Marucha Fina,"Lima, Peru",7230,1,1,[],@PradaCotrina @makbernuy @Luccio_lpx @George_Forsyth Obviamente üôÑ amiguito lindo!,1
317,2021-01-23 15:28:53+00:00,Juan Malpartida,"Callao, Peru",17,1,1,[],"Para los chalacos @George_Forsyth  es el n√∫mero
UNO porque es un l√≠der que camina con 
el pueblo, que est√° dispuesto a escuchar y
resolver las necesidades del Per√∫ y el Callao. https://t.co/RiRWr7NWuK",1
318,2021-01-23 15:08:46+00:00,Marucha Fina,"Lima, Peru",7230,0,2,[],@LuzmitadelMar @Luccio_lpx @pattyromero11 @George_Forsyth üëç‚úÖ,1
319,2021-01-23 14:40:19+00:00,Jorge Pari,,111,0,0,[],"@GHERALDANTONIO @contracultural @George_Forsyth @CancilleriaPeru ATENCI√ìN: los partidos golpistas se la tienen tramada, Forzay, Keiko, DeSoto, Urresti, Acu√±a son lo mismo. Y ahora Salaverry est√° usando a Vizcarra xa asegurarse. Vizcarra cayo en el juego. Si sale el Moradito se les acaba la fiesta de 30 a√±os a los corruptos.",1
320,2021-01-23 14:35:30+00:00,Jorge Hilares Barros,,17,0,0,[],"@George_Forsyth üîî Muy pronto abriremos la base en el Distrito el Agustino, barrio querido donde toda la militancia apoyar√° a Forzay",1
321,2021-01-23 14:32:40+00:00,@PiscoSour.pe2 √íw√ìAlva,,280,0,1,[],"@sultandeoman @Luccio_lpx @JeremyM65968984 @George_Forsyth @JorgeMunozPe Aj√° muy inteligente respuesta y l√≥gica. 

Ese es un gran ejemplo del partido que juegan las encuestas ü§úüèªü§õüèª.

Pero ya poco a poco la nuevas generaciones no creer√°n m√°s en ello",1
322,2021-01-23 14:26:06+00:00,Jorge Pari,,111,0,0,[],"@Luccio_lpx @George_Forsyth ATENCI√ìN: los partidos golpistas se la tienen tramada, Forzay, Keiko, DeSoto, Urresti, Acu√±a son lo mismo. Y ahora Salaverry est√° usando a Vizcarra xa asegurarse. Vizcarra cayo en el juego. Si sale el Moradito se les acaba la fiesta de 30 a√±os a los corruptos.",1
323,2021-01-23 13:27:24+00:00,Catalina Quinto üìù,Lima-Per√π,14988,0,6,[],"@daveparedesm @RPPNoticias @George_Forsyth Se invit√≥ a todos los candidatos, David. No existe ""ning√∫n apoyo descarado"".",1
324,2021-01-23 12:01:24+00:00,ynes,,15,0,1,[],"@Luccio_lpx @George_Forsyth Cu√°l es tu problema Forsay de 37 a√±os tiene m√°s 3 empresas, fue regidor, 2 veces alcalde,  trabaja desde los 17 a√±os, no le teme a las mafias. Es un trabajador 24 horas, y si ese es mi perfil, q mi presidente sea chamba. No uno q cr√≠tica cuando no ha ganado nada.",1
325,2021-01-23 05:02:45+00:00,CHANO BARRANC0,,6,0,0,[],@omarzev @George_Forsyth Dejalos que igual ganar√° en primera vuelta,1
326,2021-01-23 04:28:17+00:00,Luis Estrada,,10,0,0,[],"@joaquinreyh @USMPFraternidad @patarevalo @George_Forsyth @NietoMontesinos Favor hay que tener mucho cuidado declaraciones como legalizar la marihuana, mientras polic√≠as y FFAA combaten el narcotr√°fico y narcoterrorismo y dan la vida. Tenemos un candidato que promueve el deporte. Favor explotemos eso.",1
327,2021-01-23 02:53:04+00:00,Somos La Mayor√≠a,Peru,1137,0,0,[],"@2021canalN @canalN_ @MavilaHuertasC @George_Forsyth 
Nadie dice que los candidatos tengan que ser c√≥micos ambulantes, pero un poco de carisma tampoco vienen mal https://t.co/8sBtKip5kG",1
328,2021-01-23 02:40:20+00:00,Raul 12 Oficial,Per√∫,63,0,0,['LibertadLoDemasEsFloro'],"@MavilaHuertasC ganandose los frejoles demoliendo a @George_Forsyth .

Continua el plan para el Vero Vs Keiko. 

Sinverg√ºenzas 

#LibertadLoDemasEsFloro",1
329,2021-01-23 01:08:35+00:00,Revoluci√≥n,,0,0,0,[],@George_Forsyth hola george por favor urge seguridad ciudadana los venezolanos han incrementado la inseguridad ciudadana  que eso sea tu primer cambio si llegas a la presidencia y expulses a los venezolanos y cierres las fronteras,1
330,2021-01-23 01:07:26+00:00,Patricia ramos,"La Molina, Peru",189,0,0,[],@omarzev @George_Forsyth Peor votar por Keyko. Ella est√° baj√°ndose a Forzyth,1
331,2021-01-23 01:00:55+00:00,Bor,,139,0,0,[],"Yo me pregunto porque tenemos que pagar un impuesto de 3 a√±os por tener un auto nuevo, que congresista no toma esto y elimina este impuesto que es una sacada de plata para nada @George_Forsyth ac√° est√°n los votos.",1
332,2021-01-22 23:35:40+00:00,Nampitze,,752,0,3,[],"@omarzev @George_Forsyth George,es el plan B!",1
333,2021-01-22 23:06:25+00:00,alejandro.peru2020,,0,0,0,[],@abelgilvonio @George_Forsyth Bueno Forzay y Guzm√°n son buenas opciones en lugar de TU VAGA VERONICA MENDOZA https://t.co/U1iczWGf7O,1
334,2021-01-22 22:16:11+00:00,Jorge Ch√°vez Alvarez,LIMA - PERU,2012,0,1,[],@Felix66817911 @VictoriaForzay @George_Forsyth @canalN_ @GustavoEscribe @AlfredoMTorres @patarevalo @mariano3vn @joaquinreyh Hay momento para escuchar y hay momento para debatir. No desesperes!,1
335,2021-01-22 20:49:23+00:00,Susana Le√≥n y Vel√°squez,Espa√±a Londres,1542,0,0,[],"@tonymalka @ConvocaPe @George_Forsyth @ACTransparencia @ProeticaPeru @prop_ciudadana @GRADEPeru @WaykaPeru @Actua_Pe @larepublica_pe @jfowks El der humano es incoherente por naturaleza. Y en ella radica su grandeza
La coherencia viene de aprendrr de los errores y jam√°s volverlo hacer don perfecto",1
336,2021-01-22 20:33:52+00:00,santiago lopez,"Surco, Lima",97,0,2,[],"@abelgilvonio @George_Forsyth Tiene la estrategia zen de la inmovilidad. Deja que los otros se desgasten, mientras el silenciosamente se fortalece",1
337,2021-01-22 19:55:30+00:00,Jose Prado,,7,0,0,[],@abelgilvonio @George_Forsyth Yo prefiero que salga cualquiera menos un populista como uresti o ninguna de izquierdas empobrecedora,1
338,2021-01-22 18:36:51+00:00,Julissa V. üíôüíôüíô,"Lima, Peru",389,0,1,[],"@Heras14778330 @George_Forsyth Claro eficientemente, como en La Victoria.",1
339,2021-01-22 18:00:20+00:00,Manuel Del √Åguila,"Lima, Peru",1173,3,8,['El15TeConecta'],"Vamos con FORZAY y mucha fuerza por un Per√∫ m√°s unido y mejor conectado, con internet satelital para las zonas rurales y pueblos alejados.
Este 11 de abril marca las campanas üîî üáµüá™ de Victoria Nacional y escribe el 15 de Manuel Del √Åguila.
@George_Forsyth 

#El15TeConecta https://t.co/LuLFpEOw5I",1
340,2021-01-22 17:35:38+00:00,Pepita,"Huaraz, Peru",176,0,0,[],"@Catitax @George_Forsyth @VictoriaForzay Porque es churro!!!!
üòÇ",1
341,2021-01-22 17:33:20+00:00,R4T0NF1NT4,Germany,92,0,0,[],@Catitax @George_Forsyth @VictoriaForzay Porque las encuestas lo ponen primero y lo justifican con la publicidad en los medios de comunicacion.,1
342,2021-01-22 17:32:10+00:00,Catia Guti√©rrez,Per√∫,14431,0,2,[],"El an√°lisis de los factores que llevaron a @George_Forsyth de @VictoriaForzay a liderar las encuestas de intenci√≥n de voto en esta contienda, por lo menos hasta el momento...üëáüèº https://t.co/yPhmX7Vdxv",1
343,2021-01-22 17:29:43+00:00,marlon guerrero soto,,11,0,0,[],@LalaFernanU @GloriaMonteneg @emontezumas @George_Forsyth @elcomercio_peru Y aun as√≠ es mejor que cualquier gobierno de izquierda,1
344,2021-01-21 15:08:18+00:00,Jose,,4,0,0,[],"@Moshaco @MiliArellano @George_Forsyth Perfecto, ahora se lleva mi voto. Fujimorismo y aprismo nunca mas",1
345,2021-01-20 23:03:12+00:00,Augusto Loarte,,0,0,0,[],"@mariano3vn @George_Forsyth @Caretas Nuestros polic√≠as est√°n abandonados a su suerte, sin el respaldo de las autoridades, tiene mi voto para lograr m√°s apoyo a la PNP.",1
346,2021-01-19 20:33:34+00:00,Sofia Villalobos,,1,0,0,[],"@mariano3vn @ucinoticias_pe @George_Forsyth Con ustedes tendremos un mejor Pa√≠s, mi voto esta con usted.",1
347,2021-01-22 18:24:59+00:00,Tunico Mariachi,,26,0,0,[],@abelgilvonio @George_Forsyth Tan viejonazo y creyendo en las encuestas .... ah verdad que eres rojo..,-1
348,2021-01-22 18:24:33+00:00,Renzo Gustavo üòº,,97,0,0,[],@abelgilvonio @George_Forsyth Est√° recibiendo capacitaci√≥n de su viejo,-1
349,2021-01-22 18:23:24+00:00,Heras,,2,0,0,[],"@SilvanaCastagn5 @George_Forsyth A si que bac√°n, entonces me inclina la balanza a su favor.",1
350,2021-01-22 18:22:35+00:00,Luis Alberto Vidal Soriano,,0,0,0,[],"@diariocorreo @George_Forsyth tu nos quieres ver la cara de tontos a nosotros tienes en tu partido a 12 ex fujimoristas GianMarvo Quezada, Yennifer Catalan C., Patricia Arevalo que es tu 1ra. Viceministra y el Peor de todos Marvin Bancayan F.  con 13 sentencias obligatorias civiles.",-1
351,2021-01-22 18:22:23+00:00,Heras,,2,0,0,[],"@Juli3103vs @George_Forsyth Con tal que el estado funcione eficientemente, por m√≠ que sea mudo, ciego, sordo, tullido.",1
352,2021-01-22 18:20:00+00:00,KG  Ô£ø,,137,1,1,[],"@hurgamemoriaPE @George_Forsyth Vergonzoso? ü§î
Sinverguenza, ser√≠a la palabra apropiada.
Y esa es su estrategia: NO hablar, NO informar, NO entrevistas porque de esa forma, el electorado desinformado sigue creyendo que √©l es la mejor opci√≥n",-1
353,2021-01-22 18:17:05+00:00,Juan Carlos,,255,0,0,[],El bebo @George_Forsyth no se anima a debatir. No ta' lito chu bebe para debatir. ¬øYa ta' lito bebe? https://t.co/kemUKGq9jO,-1
354,2021-01-22 18:16:54+00:00,Heras,,2,0,1,[],"@omarzev @George_Forsyth Eso demuestra que la mayor√≠a del pa√≠s es fujimorista y que el congreso ser√° otra vez fujimorista , y que de tu familia al menos el 50% es fujimorista, y que en fondo tambi√©n eres fujimorista y no te das cuenta .",-1
355,2021-01-22 18:16:23+00:00,marlon guerrero soto,,11,0,0,[],@emontezumas @LalaFernanU @GloriaMonteneg @George_Forsyth @elcomercio_peru No te da el cerebro tampoco.,-1
356,2021-01-22 18:15:03+00:00,Antonio D.,,31,1,1,[],"@abelgilvonio @George_Forsyth Ser√≠a terrible para el pais que ese ""personaje"" saliera elegido",-1
357,2021-01-22 18:13:33+00:00,Mauricio,"Santiago de Surco, Peru",1353,1,1,[],"Vaya, vaya..este es @George_Forsyth

George Forsyth | Renzo Navarro, el hombre de confianza del candidato presidencial que recibi√≥ m√°s de S/100 mil de la municipalidad de La Victoria | Elecciones 2021 | POLITICA | EL COMERCIO PER√ö https://t.co/RHXLTRZWbN",-1
358,2021-01-22 18:11:59+00:00,Heras,,2,0,0,[],"@GloriaMonteneg @George_Forsyth Es que nos partidos, son solo grupos de aportunistas buscando su oportunidad, por eso migran de grupo como un juego de vale todo, que no se nota? Partidos son frepap, apra, AP el resto no cuenta como partidos. Son grupos sin ideales, sin visi√≥n de pa√≠s, sin filosof√≠a ni ciencia.",-1
359,2021-01-22 18:10:41+00:00,Elizabeth C√°rdenas V,Lima,101,0,0,[],"Nadie se da cuenta que lleva 12 ""EX"" FUJIMORISTAS
@George_Forsyth  una vez fujimorista, siempre fujimoristaü§¢ü§Æ https://t.co/GZCGIoeLn5",-1
360,2021-01-22 18:09:27+00:00,UPC B.Joaquin Sanchez,,191,0,2,[],@canalN_ @americatv_peru MEDIOS MERMELEROS CREEN Q PUBLICANDO AL VAGO DE @George_Forsyth EN PRIMER LUGAR GENERAR√ÅN TENDENCIA..... HE ESTADO EN TODO EL PERU Y NADIE INDICA VOTAR X EL,-1
361,2021-01-22 18:07:51+00:00,Ronald Jg,,21,0,1,[],@George_Forsyth No hizo nada x la victoria y quiere gobernar nuestra nacion una ineptitud al descubierto,-1
362,2021-01-22 18:07:34+00:00,Julio,,149,1,3,[],@ucinoticias_pe El tontil√≠n eres tu oe @George_Forsyth !!,-1
363,2021-01-22 18:06:46+00:00,Victor Hugo,lima-peru,82,1,3,[],"Hasta ahora los periodistas @julianaoxenford @mabel_huertas @MavilaHuertasC @VertizPamela @MelissaPeschier @recisneros @CarlaTello_R etc, etc no les molesta que hasta ahora, desde el a√±o pasado no hable el mudo, Chileno @George_Forsyth https://t.co/Kg8bWwNQGs",-1
364,2021-01-22 18:06:18+00:00,Grinka,,2,0,3,[],"@abelgilvonio @George_Forsyth No entiendo, no sabes que son candidatos de relleno para quitar votos ya sabes a quien y de paso meter congresistas ya sabes de quien.. Misma historia hace treinta a√±os.",-1
365,2021-01-22 18:06:18+00:00,Renzo CC,"Lima, Peru",108,1,1,[],@ocram Harold a q hora sales a debatir? @George_Forsyth,-1
366,2021-01-22 17:59:43+00:00,Warner,ciudadano universal,743,0,1,[],@LalaFernanU @emontezumas @mgusoto @GloriaMonteneg @George_Forsyth @elcomercio_peru Fujiasno detected jajaja,-1
367,2021-01-22 17:59:01+00:00,Nacho Paredes Landauro,,55,1,6,[],@omarzev @George_Forsyth De todas maneras su api est√° de estratega üçä naranja !!,-1
368,2021-01-22 17:57:37+00:00,Enrique Montezuma,,233,0,2,[],"@LalaFernanU @mgusoto @GloriaMonteneg @George_Forsyth @elcomercio_peru ""A un incapaz se le puede vacar m√°s f√°cil que aun izquierdista""

Con ese ""sesudo e irrefutable argumento"" no hay nada que hacer... ja, ja, ja",-1
369,2021-01-22 17:56:05+00:00,Susan,,7,0,0,[],"@GloriaMonteneg @George_Forsyth En cambio el Partido Morado lleva a los Ex de Susana Villaran, el personero legal del partido morado ex de Susana est√°  siendo procesado en el caso lava jato y de premio por su buen comportamiento es candidato al congreso su nombre es Marco Antonio Zeballos.1ero limpien su casa.",1
370,2021-01-22 17:55:32+00:00,Cesar Mej√≠a,"Lima, Peru",42,2,2,[],"@hurgamemoriaPE @George_Forsyth Que puedes esperar de un improvisado que ni siquiera le importa que escriban bien su apellido, all√≠ te dice todo",-1
371,2021-01-22 17:55:11+00:00,LaLa Fern√°ndez,"Lima, Peru",7172,0,2,[],@mgusoto @GloriaMonteneg @emontezumas @George_Forsyth @elcomercio_peru Est√°s en nada. Chau,-1
372,2021-01-22 17:54:34+00:00,AntonioAyacucho,"Lima, Peru",222,0,0,[],"@_CarlitaRocha @George_Forsyth @George_Forsyth es un ladr√≥n Chileno... si hasta a sus amigos lo cabecea, imag√≠nate a ti peruanito!!!",-1
373,2021-01-22 17:54:25+00:00,√Ålvaro Zapatel,"Princeton, NJ",2259,1,6,[],"Se√±or @George_Forsyth, le hablan. https://t.co/OdGonYrwXC",-1
374,2021-01-22 17:54:14+00:00,Rebeca Micaela,Per√∫,278,0,1,[],@diariocorreo @George_Forsyth hasta cuando la prensa mermelera le va seguir promocionando al candidato del continuismo ? (desde @OllantaHumalaT_ ) queremos que nos explique cual es la soluci√≥n que plantea a los grandes problemas del pa√≠s.,-1
375,2021-01-22 17:53:15+00:00,Luna,,3,0,0,[],"@SilvanaCastagn5 @George_Forsyth jajajaja de nada sirve que se indigen, la gente que vota por forzai no usa tweeter, posiblemente ni sepan manejar un celular ....",-1
376,2021-01-22 17:51:31+00:00,Yojani Mena,,206,0,1,[],"@_CarlitaRocha @George_Forsyth Devu√©lvele la ROPA, FORSYTH, a la FOQUITA, no te pases, eso no se hace, que dir√° CHILENOS QUE SU PAISANO ES AS√ç QUE VERG√úENZA üò≥",-1
377,2021-01-22 17:49:29+00:00,A GIRON D,,378,0,0,[],@George_Forsyth recicla fujimoristas y cuidado que el candidato es su papa. https://t.co/QuecstLwDw,-1
378,2021-01-22 17:49:28+00:00,Emilio,,313,0,1,[],@abelgilvonio @George_Forsyth La misma estrategia que Casta√±eda xd,-1
379,2021-01-22 17:48:58+00:00,Dani..Daniel,Peru,27,0,0,[],"@puzangueando @SalitaSin @George_Forsyth perro, burro, asterisco  ?' esas son tus palabras favoritas jajajajajjaja  tienes un trauma con los animales mann, que te paso cuentaa  un burro te violo o que jajajajaja",-1
380,2021-01-22 17:47:10+00:00,Oswaldo V√©liz Altamirano,,931,0,2,[],@omarzev @BellanoLibertad @George_Forsyth Trabaj√≥ mucho tiempo con el dictador!!!,-1
381,2021-01-22 17:43:51+00:00,Julissa V. üíôüíôüíô,"Lima, Peru",389,3,13,['Elecciones2021'],"Alguien sabe donde est√° George Forsyth? @George_Forsyth
No emite ni una palabra y est√° primero en las encuestas.
¬øC√≥mo pretende ser presidente... gobernando desde el silencio?

Se presentar√° al debate presidencial?? Corren las apuestas...
#Elecciones2021",-1
382,2021-01-22 17:43:49+00:00,Manuel Ignacio,"aqu√≠, all√° y... no, ah√≠ no. ",219,0,1,[],"@GloriaMonteneg @George_Forsyth Ya fue Forzay y guzman est√°n en bajada porque cada que hablan la cagan... Quiz√°s sus congresistas entren, algunos, pero los presis, est√°n bien lejos seg√∫n la tendencia.",-1
383,2021-01-22 17:43:01+00:00,Elcapitankarlos,,8,0,0,[],@George_Forsyth Cuantas veces te agarraron borracho y manejando... @VanessaTerkes sabe lo que es voltear el colchon meado por un borracho doble filo...,-1
384,2021-01-22 17:41:29+00:00,Elcapitankarlos,,8,0,0,[],"@George_Forsyth Peruano, venezolano, chileno, hetero, gay, trans hijo ilustre de la victoria...",-1
385,2021-01-22 17:37:54+00:00,Enrique Caceres,Lima Peru,304,0,0,['Casta√±eda2punto0'],"@margamedonzac @George_Forsyth  no ir√° a ning√∫n debate, no le conviene, lo asesoran as√≠; mudo es mas bonito. #Casta√±eda2punto0",-1
386,2021-01-22 17:37:46+00:00,Luchini Sanchez,Chincha,86,0,1,[],@abelgilvonio @George_Forsyth Tienes que preguntarle a su viejo primero.,-1
387,2021-01-22 17:36:59+00:00,Victoria Nacional - Forzay Presidente,,64,0,2,[],"Nuestro candidato @George_Forsyth hablando claro sobre la problem√°tica del gas y los precios elevados.

Por falta de voluntad pol√≠tica no podemos seguir perjudicando a los peruanos.

https://t.co/JKhoPUS7ys",1
388,2021-01-22 17:31:34+00:00,Charito,Lima - Piura - Per√∫,6731,20,62,[],"Ya sabemos lo que nos espera si gana @George_Forsyth otro quinquenio perdido, advertidos estamos üòÉüòÉ https://t.co/IB2puidq0z",-1
389,2021-01-22 17:31:15+00:00,LaLa Fern√°ndez,"Lima, Peru",7172,0,1,[],@mgusoto @GloriaMonteneg @emontezumas @George_Forsyth @elcomercio_peru Imposible. C√≥mo podr√≠as deducir algo as√≠ si La Victoria es cualquier cosa. La Victoria no es Gamarra porsiacaso. As√≠ como el Per√∫ no es Lima.,-1
390,2021-01-22 17:29:02+00:00,Delia,,1,1,1,[],"@hurgamemoriaPE @George_Forsyth Estas creyendo que yorch va a contestar?
Averig√ºemos  m√°s bien, qu√© dice su api.",-1
391,2021-01-22 17:26:51+00:00,Manuel M,Lima - Per√∫,323,1,1,[],"@abelgilvonio @George_Forsyth S√≠, est√° recibiendo las √≥rdenes de su papi para que pueda saber qu√© decir ahora.",-1
392,2021-01-22 17:25:40+00:00,üáµüá™üáµüá™‚ìäGestorD'Proyectos,"Lima,Peru",816,1,1,[],@abelgilvonio @George_Forsyth Esas encuestas son m√°s falsas... Proyectan apoyar a Keiko como sea despu√©s.,-1
393,2021-01-22 17:25:26+00:00,4.40 Color Puerta,,75,0,0,[],@abelgilvonio @George_Forsyth Su papi mueve todo,-1
394,2021-01-22 17:24:52+00:00,Angela,,43,0,1,[],"@ConvocaPe @George_Forsyth @ACTransparencia @ProeticaPeru @prop_ciudadana @WaykaPeru @Actua_Pe @larepublica_pe @jfowks Yo no s√© deq se sorprenden si su pareja dijo q era un borracho y encima abusador, podr√°n decirle loca pero no creo q haya sido mentir√°",-1
395,2021-01-22 17:24:34+00:00,Abel Gilvonio,"Lima, Peru",10066,37,205,[],"¬øAlguien sabe algo sobre @George_Forsyth ?
No dice nada 
No hace nada 
Y est√° primero en las encuestas...",-1
396,2021-01-22 17:16:14+00:00,Erikio Guerreiro,,9,0,0,[],@George_Forsyth En reiteradas ocasiones conductores peruanos han atropellado a fiscalizadores del ATU y efectivamente esos conductores deben pagar con todo el peso de la ley indiferentemente de su nacionalidad... Aprende hablar y recuerda que t√∫ tambi√©n eres venezolano Forsyth,-1
397,2021-01-22 17:14:20+00:00,Angela,,43,1,2,[],"@hurgamemoriaPE @George_Forsyth De que te sorprendes ü§∑üèª‚Äç‚ôÄÔ∏è, el es un abusador y machista no me espero m√°s",-1
398,2021-01-22 17:09:47+00:00,Hecola.,Trujillo-Per√∫,1966,0,0,[],@janpalulo @Jotadiaz26 @uterope .... y sin estudios.... hasta me responde @George_Forsyth que estudios tiene sigo esperando su respuesta.,-1
399,2021-01-22 17:04:10+00:00,Obstetra.Patricialandagavino.cel990670827,Lima,106,1,2,[],"@EddyMartin1976 @ocram @George_Forsyth @patarevalo Fujimori camuflandose, esto es un riesgo eminente para nuestro pa√≠s.",-1
400,2021-01-22 17:03:11+00:00,Sgto. David Ramos,"Chorrillos, Peru",8,0,0,[],"@ManuelH59811366 @George_Forsyth Los caviares son netamente de izquierda no s√© porqu√© lo ligan con Keiko y el fujimorismo si √©ste no tiene nada que ver con la Sra. Fujimori.

Forsyth es un pobre pat√°n que no lo quieren en ning√∫n bando pero juega por intereses de la izquierda.",-1